session_id,user_id,session_date,channel
S00001,U0002,2026-04-29,referral
S00002,U0002,2026-05-08,referral
S00003,U0002,2026-02-22,email
S00004,U0002,2026-03-15,referral
S00005,U0002,2026-05-05,organic
S00006,U0002,2026-02-10,email
S00007,U0002,2026-05-22,referral
S00008,U0002,2026-01-30,referral
S00009,U0002,2026-06-15,paid
S00010,U0002,2026-03-16,partner
S00011,U0002,2026-04-17,referral
S00012,U0002,2026-03-04,referral
S00013,U0002,2026-04-09,paid
S00014,U0002,2026-05-11,paid
S00015,U0002,2026-03-12,referral
S00016,U0002,2026-05-10,email
S00017,U0002,2026-03-14,email
S00018,U0003,2026-06-18,referral
S00019,U0003,2026-04-25,partner
S00020,U0003,2026-03-27,partner
S00021,U0003,2026-04-07,referral
S00022,U0003,2026-02-18,paid
S00023,U0003,2026-03-01,referral
S00024,U0003,2026-04-08,referral
S00025,U0003,2026-06-16,paid
S00026,U0003,2026-01-10,paid
S00027,U0003,2026-06-01,email
S00028,U0003,2026-04-23,organic
S00029,U0003,2026-04-27,organic
S00030,U0003,2026-04-15,paid
S00031,U0003,2026-06-27,referral
S00032,U0003,2026-03-26,partner
S00033,U0003,2026-03-23,referral
S00034,U0003,2026-01-10,organic
S00035,U0003,2026-06-25,email
S00036,U0004,2026-05-24,organic
S00037,U0004,2026-02-27,referral
S00038,U0005,2026-01-08,organic
S00039,U0005,2026-01-15,email
S00040,U0005,2026-04-21,paid
S00041,U0005,2026-04-16,partner
S00042,U0005,2026-02-16,paid
S00043,U0005,2026-06-06,referral
S00044,U0005,2026-03-03,referral
S00045,U0005,2026-02-06,paid
S00046,U0005,2026-03-07,referral
S00047,U0007,2026-06-16,partner
S00048,U0007,2026-06-26,email
S00049,U0007,2026-06-17,referral
S00050,U0007,2026-06-27,email
S00051,U0007,2026-06-22,referral
S00052,U0007,2026-06-22,partner
S00053,U0007,2026-06-16,email
S00054,U0007,2026-06-01,partner
S00055,U0007,2026-06-16,paid
S00056,U0007,2026-06-20,paid
S00057,U0007,2026-06-14,paid
S00058,U0007,2026-05-31,email
S00059,U0007,2026-05-31,partner
S00060,U0007,2026-06-06,organic
S00061,U0008,2026-06-01,paid
S00062,U0008,2026-05-19,partner
S00063,U0008,2026-04-25,paid
S00064,U0008,2026-06-18,email
S00065,U0008,2026-05-12,organic
S00066,U0008,2026-03-06,paid
S00067,U0008,2026-04-13,referral
S00068,U0008,2026-05-19,organic
S00069,U0008,2026-02-18,email
S00070,U0008,2026-06-11,email
S00071,U0009,2026-05-30,referral
S00072,U0009,2026-04-06,organic
S00073,U0009,2026-05-01,organic
S00074,U0009,2026-05-24,email
S00075,U0009,2026-02-26,organic
S00076,U0009,2026-04-29,email
S00077,U0009,2026-01-30,paid
S00078,U0009,2026-05-07,organic
S00079,U0010,2026-02-04,referral
S00080,U0010,2026-06-21,partner
S00081,U0010,2026-02-09,referral
S00082,U0010,2026-05-06,partner
S00083,U0010,2026-03-13,organic
S00084,U0010,2026-02-25,referral
S00085,U0010,2026-03-02,email
S00086,U0010,2026-06-25,email
S00087,U0010,2026-06-15,email
S00088,U0010,2026-02-01,referral
S00089,U0010,2026-02-24,organic
S00090,U0010,2026-02-02,paid
S00091,U0010,2026-02-25,paid
S00092,U0010,2026-02-07,organic
S00093,U0010,2026-02-07,paid
S00094,U0010,2026-02-14,organic
S00095,U0010,2026-01-07,paid
S00096,U0012,2026-03-09,organic
S00097,U0012,2026-04-18,partner
S00098,U0012,2026-01-17,referral
S00099,U0012,2026-04-03,partner
S00100,U0012,2026-04-26,partner
S00101,U0013,2026-05-08,partner
S00102,U0013,2026-06-16,organic
S00103,U0013,2026-06-02,organic
S00104,U0013,2026-06-03,organic
S00105,U0013,2026-05-26,partner
S00106,U0013,2026-05-14,email
S00107,U0013,2026-06-12,partner
S00108,U0013,2026-05-30,partner
S00109,U0013,2026-06-04,partner
S00110,U0013,2026-05-12,organic
S00111,U0013,2026-06-16,partner
S00112,U0013,2026-05-19,referral
S00113,U0013,2026-05-20,referral
S00114,U0013,2026-06-04,referral
S00115,U0013,2026-05-12,email
S00116,U0013,2026-06-17,email
S00117,U0013,2026-05-15,referral
S00118,U0013,2026-05-12,email
S00119,U0013,2026-06-10,organic
S00120,U0014,2026-05-16,organic
S00121,U0014,2026-06-09,organic
S00122,U0014,2026-05-11,email
S00123,U0014,2026-06-30,paid
S00124,U0014,2026-06-24,paid
S00125,U0014,2026-05-21,partner
S00126,U0014,2026-05-03,partner
S00127,U0014,2026-06-10,partner
S00128,U0014,2026-02-27,email
S00129,U0014,2026-05-11,email
S00130,U0014,2026-04-08,paid
S00131,U0014,2026-06-03,organic
S00132,U0014,2026-02-28,organic
S00133,U0014,2026-04-17,referral
S00134,U0014,2026-05-19,paid
S00135,U0014,2026-05-15,partner
S00136,U0014,2026-03-06,paid
S00137,U0015,2026-01-22,organic
S00138,U0015,2026-06-28,referral
S00139,U0015,2026-05-03,referral
S00140,U0015,2026-05-21,organic
S00141,U0015,2026-02-07,email
S00142,U0015,2026-06-10,referral
S00143,U0015,2026-03-29,organic
S00144,U0015,2026-06-12,organic
S00145,U0015,2026-02-14,email
S00146,U0015,2026-02-09,organic
S00147,U0015,2026-04-30,paid
S00148,U0015,2026-05-26,paid
S00149,U0015,2026-06-30,email
S00150,U0015,2026-05-07,organic
S00151,U0015,2026-06-06,referral
S00152,U0015,2026-06-22,referral
S00153,U0015,2026-04-23,organic
S00154,U0015,2026-02-22,referral
S00155,U0015,2026-04-12,organic
S00156,U0016,2026-06-02,referral
S00157,U0016,2026-06-20,organic
S00158,U0016,2026-06-06,email
S00159,U0017,2026-01-21,organic
S00160,U0017,2026-02-20,email
S00161,U0017,2026-06-16,paid
S00162,U0017,2026-02-08,email
S00163,U0017,2026-06-05,paid
S00164,U0018,2026-01-20,paid
S00165,U0018,2026-06-10,referral
S00166,U0018,2026-05-25,partner
S00167,U0018,2026-05-25,partner
S00168,U0018,2026-06-10,email
S00169,U0018,2026-01-18,referral
S00170,U0018,2026-03-19,email
S00171,U0018,2026-04-01,partner
S00172,U0018,2026-01-15,email
S00173,U0018,2026-01-20,organic
S00174,U0018,2026-05-10,referral
S00175,U0018,2026-05-22,organic
S00176,U0018,2026-05-27,paid
S00177,U0018,2026-05-02,partner
S00178,U0018,2026-01-16,referral
S00179,U0018,2026-03-29,organic
S00180,U0018,2026-02-14,organic
S00181,U0018,2026-04-23,referral
S00182,U0018,2026-06-06,paid
S00183,U0018,2026-03-14,referral
S00184,U0019,2026-06-23,partner
S00185,U0019,2026-01-25,referral
S00186,U0019,2026-06-18,partner
S00187,U0019,2026-03-27,organic
S00188,U0019,2026-02-06,email
S00189,U0019,2026-06-17,referral
S00190,U0019,2026-01-22,email
S00191,U0019,2026-06-14,email
S00192,U0019,2026-06-21,partner
S00193,U0019,2026-06-21,referral
S00194,U0021,2026-06-10,paid
S00195,U0021,2026-06-12,referral
S00196,U0021,2026-05-30,paid
S00197,U0021,2026-06-25,partner
S00198,U0021,2026-06-30,paid
S00199,U0021,2026-05-31,paid
S00200,U0021,2026-06-30,paid
S00201,U0021,2026-05-24,referral
S00202,U0021,2026-06-06,referral
S00203,U0021,2026-06-19,paid
S00204,U0021,2026-06-10,referral
S00205,U0022,2026-04-05,partner
S00206,U0022,2026-04-29,email
S00207,U0022,2026-05-09,partner
S00208,U0022,2026-02-11,paid
S00209,U0022,2026-02-05,email
S00210,U0022,2026-05-22,organic
S00211,U0023,2026-06-25,email
S00212,U0023,2026-06-29,paid
S00213,U0023,2026-06-25,paid
S00214,U0023,2026-06-27,organic
S00215,U0023,2026-06-28,partner
S00216,U0023,2026-06-28,organic
S00217,U0023,2026-06-25,email
S00218,U0023,2026-06-30,email
S00219,U0023,2026-06-26,organic
S00220,U0023,2026-06-28,paid
S00221,U0023,2026-06-28,referral
S00222,U0023,2026-06-25,organic
S00223,U0023,2026-06-26,partner
S00224,U0023,2026-06-29,partner
S00225,U0023,2026-06-27,paid
S00226,U0023,2026-06-25,paid
S00227,U0024,2026-04-28,organic
S00228,U0024,2026-05-08,partner
S00229,U0024,2026-06-11,partner
S00230,U0024,2026-02-06,email
S00231,U0024,2026-06-07,email
S00232,U0024,2026-04-17,paid
S00233,U0024,2026-01-22,email
S00234,U0024,2026-05-10,partner
S00235,U0024,2026-04-10,email
S00236,U0024,2026-01-05,email
S00237,U0024,2026-03-30,paid
S00238,U0024,2026-06-10,organic
S00239,U0024,2026-03-27,paid
S00240,U0024,2026-06-14,paid
S00241,U0024,2026-06-25,referral
S00242,U0024,2026-05-03,paid
S00243,U0024,2026-01-17,referral
S00244,U0024,2026-02-21,organic
S00245,U0024,2026-03-21,partner
S00246,U0025,2026-05-02,email
S00247,U0025,2026-01-13,email
S00248,U0025,2026-04-05,referral
S00249,U0025,2026-04-23,referral
S00250,U0025,2026-02-17,referral
S00251,U0025,2026-04-05,partner
S00252,U0025,2026-01-22,referral
S00253,U0025,2026-02-16,email
S00254,U0025,2026-01-21,email
S00255,U0025,2026-03-20,referral
S00256,U0025,2026-04-20,paid
S00257,U0025,2026-03-31,referral
S00258,U0025,2026-04-22,email
S00259,U0025,2026-01-15,organic
S00260,U0025,2026-04-14,email
S00261,U0025,2026-06-23,paid
S00262,U0025,2026-02-06,referral
S00263,U0026,2026-06-16,email
S00264,U0026,2026-06-29,organic
S00265,U0026,2026-06-21,email
S00266,U0026,2026-05-28,partner
S00267,U0026,2026-06-16,referral
S00268,U0026,2026-06-10,paid
S00269,U0026,2026-05-25,paid
S00270,U0026,2026-06-17,partner
S00271,U0026,2026-06-09,referral
S00272,U0026,2026-06-11,referral
S00273,U0026,2026-06-01,organic
S00274,U0026,2026-06-21,organic
S00275,U0026,2026-06-13,email
S00276,U0026,2026-06-28,partner
S00277,U0026,2026-06-12,paid
S00278,U0026,2026-06-04,email
S00279,U0026,2026-05-31,paid
S00280,U0026,2026-06-08,referral
S00281,U0026,2026-06-22,partner
S00282,U0026,2026-05-29,organic
S00283,U0027,2026-05-15,referral
S00284,U0027,2026-05-28,organic
S00285,U0027,2026-03-23,organic
S00286,U0027,2026-06-24,partner
S00287,U0027,2026-05-22,partner
S00288,U0027,2026-02-03,referral
S00289,U0027,2026-01-15,organic
S00290,U0027,2026-03-19,paid
S00291,U0027,2026-02-27,email
S00292,U0027,2026-05-13,email
S00293,U0027,2026-03-06,paid
S00294,U0027,2026-05-22,email
S00295,U0027,2026-03-19,partner
S00296,U0027,2026-05-09,paid
S00297,U0027,2026-05-29,paid
S00298,U0028,2026-06-04,email
S00299,U0028,2026-05-25,organic
S00300,U0028,2026-01-08,organic
S00301,U0028,2026-02-23,referral
S00302,U0028,2026-01-08,referral
S00303,U0028,2026-05-20,email
S00304,U0028,2026-03-19,referral
S00305,U0028,2026-06-25,referral
S00306,U0028,2026-01-19,organic
S00307,U0028,2026-04-17,referral
S00308,U0028,2026-03-29,partner
S00309,U0028,2026-03-23,email
S00310,U0028,2026-02-03,email
S00311,U0028,2026-01-28,email
S00312,U0028,2026-02-01,email
S00313,U0028,2026-02-06,organic
S00314,U0028,2026-04-18,paid
S00315,U0028,2026-02-10,email
S00316,U0028,2026-03-22,paid
S00317,U0029,2026-05-12,referral
S00318,U0029,2026-03-20,referral
S00319,U0029,2026-03-03,paid
S00320,U0029,2026-01-13,organic
S00321,U0029,2026-06-02,referral
S00322,U0029,2026-01-03,organic
S00323,U0029,2026-03-09,email
S00324,U0029,2026-04-04,organic
S00325,U0029,2026-05-26,partner
S00326,U0029,2026-05-22,email
S00327,U0029,2026-05-21,email
S00328,U0029,2026-06-09,partner
S00329,U0029,2026-01-25,referral
S00330,U0029,2026-03-28,partner
S00331,U0029,2026-02-06,paid
S00332,U0030,2026-06-20,organic
S00333,U0030,2026-06-16,partner
S00334,U0030,2026-06-21,paid
S00335,U0030,2026-05-27,paid
S00336,U0030,2026-05-25,partner
S00337,U0030,2026-06-21,partner
S00338,U0030,2026-06-28,email
S00339,U0030,2026-04-19,email
S00340,U0030,2026-05-01,referral
S00341,U0030,2026-04-20,partner
S00342,U0030,2026-06-30,partner
S00343,U0030,2026-04-23,partner
S00344,U0031,2026-06-01,partner
S00345,U0031,2026-04-30,paid
S00346,U0031,2026-04-13,organic
S00347,U0031,2026-06-10,organic
S00348,U0031,2026-05-08,email
S00349,U0031,2026-05-04,paid
S00350,U0031,2026-06-20,partner
S00351,U0031,2026-06-29,organic
S00352,U0031,2026-05-18,paid
S00353,U0031,2026-06-05,referral
S00354,U0031,2026-04-22,paid
S00355,U0031,2026-05-20,email
S00356,U0031,2026-06-07,email
S00357,U0031,2026-04-06,paid
S00358,U0031,2026-04-20,paid
S00359,U0031,2026-04-20,email
S00360,U0032,2026-06-15,referral
S00361,U0032,2026-06-12,email
S00362,U0032,2026-06-29,referral
S00363,U0032,2026-06-20,email
S00364,U0032,2026-06-04,email
S00365,U0032,2026-06-23,email
S00366,U0032,2026-06-08,paid
S00367,U0032,2026-06-12,partner
S00368,U0032,2026-06-03,organic
S00369,U0032,2026-06-10,paid
S00370,U0032,2026-06-09,organic
S00371,U0032,2026-06-16,referral
S00372,U0032,2026-06-03,organic
S00373,U0032,2026-06-05,referral
S00374,U0032,2026-06-25,referral
S00375,U0033,2026-03-24,email
S00376,U0033,2026-01-23,paid
S00377,U0033,2026-01-10,paid
S00378,U0033,2026-02-15,organic
S00379,U0033,2026-04-12,referral
S00380,U0033,2026-03-16,organic
S00381,U0033,2026-03-27,email
S00382,U0033,2026-06-14,partner
S00383,U0033,2026-02-04,referral
S00384,U0034,2026-05-14,paid
S00385,U0034,2026-06-23,email
S00386,U0034,2026-04-03,email
S00387,U0035,2026-03-26,paid
S00388,U0035,2026-05-19,referral
S00389,U0035,2026-02-27,referral
S00390,U0035,2026-03-24,paid
S00391,U0035,2026-04-09,organic
S00392,U0035,2026-04-06,referral
S00393,U0035,2026-04-30,email
S00394,U0035,2026-02-07,email
S00395,U0035,2026-04-06,organic
S00396,U0035,2026-06-04,email
S00397,U0035,2026-06-13,email
S00398,U0035,2026-04-21,email
S00399,U0035,2026-04-02,paid
S00400,U0035,2026-06-01,partner
S00401,U0035,2026-06-25,referral
S00402,U0035,2026-04-01,paid
S00403,U0035,2026-02-25,referral
S00404,U0035,2026-05-08,organic
S00405,U0036,2026-01-16,paid
S00406,U0036,2026-02-08,paid
S00407,U0036,2026-05-14,referral
S00408,U0037,2026-05-30,referral
S00409,U0037,2026-05-11,referral
S00410,U0037,2026-04-27,paid
S00411,U0037,2026-04-27,partner
S00412,U0037,2026-03-20,organic
S00413,U0037,2026-01-01,paid
S00414,U0038,2026-04-19,email
S00415,U0039,2026-02-17,organic
S00416,U0039,2026-06-02,organic
S00417,U0039,2026-03-20,paid
S00418,U0039,2026-05-20,email
S00419,U0039,2026-05-10,referral
S00420,U0039,2026-05-09,referral
S00421,U0039,2026-05-02,organic
S00422,U0039,2026-06-19,referral
S00423,U0039,2026-03-31,organic
S00424,U0039,2026-04-19,referral
S00425,U0039,2026-06-21,referral
S00426,U0039,2026-04-01,paid
S00427,U0039,2026-03-13,email
S00428,U0039,2026-03-02,organic
S00429,U0039,2026-05-20,partner
S00430,U0039,2026-02-06,paid
S00431,U0039,2026-02-27,organic
S00432,U0040,2026-03-15,organic
S00433,U0041,2026-06-05,paid
S00434,U0041,2026-04-04,paid
S00435,U0041,2026-05-04,paid
S00436,U0041,2026-06-29,partner
S00437,U0041,2026-06-12,email
S00438,U0041,2026-04-15,partner
S00439,U0041,2026-05-05,email
S00440,U0042,2026-06-10,referral
S00441,U0042,2026-01-13,email
S00442,U0042,2026-06-21,referral
S00443,U0042,2026-03-23,referral
S00444,U0042,2026-03-18,referral
S00445,U0043,2026-05-31,paid
S00446,U0043,2026-05-09,paid
S00447,U0043,2026-04-08,partner
S00448,U0043,2026-05-24,partner
S00449,U0043,2026-05-20,paid
S00450,U0043,2026-05-13,organic
S00451,U0043,2026-05-18,organic
S00452,U0043,2026-04-25,organic
S00453,U0043,2026-06-26,partner
S00454,U0043,2026-04-10,paid
S00455,U0043,2026-06-15,partner
S00456,U0043,2026-04-27,email
S00457,U0043,2026-04-02,paid
S00458,U0043,2026-04-16,referral
S00459,U0043,2026-06-29,partner
S00460,U0043,2026-05-21,paid
S00461,U0043,2026-05-07,referral
S00462,U0044,2026-04-02,email
S00463,U0044,2026-05-12,referral
S00464,U0044,2026-05-01,email
S00465,U0044,2026-04-05,email
S00466,U0044,2026-05-25,paid
S00467,U0044,2026-01-05,email
S00468,U0044,2026-05-30,partner
S00469,U0044,2026-03-17,paid
S00470,U0044,2026-02-28,referral
S00471,U0044,2026-03-04,referral
S00472,U0044,2026-06-25,email
S00473,U0044,2026-05-06,referral
S00474,U0044,2026-04-01,paid
S00475,U0044,2026-05-20,referral
S00476,U0044,2026-05-19,organic
S00477,U0044,2026-01-20,organic
S00478,U0044,2026-04-16,paid
S00479,U0044,2026-03-01,organic
S00480,U0044,2026-01-03,paid
S00481,U0044,2026-04-06,organic
S00482,U0045,2026-05-04,referral
S00483,U0045,2026-01-04,organic
S00484,U0045,2026-03-12,partner
S00485,U0045,2026-01-05,referral
S00486,U0045,2026-02-15,organic
S00487,U0045,2026-05-15,paid
S00488,U0045,2026-06-08,partner
S00489,U0045,2026-04-01,email
S00490,U0045,2026-01-21,email
S00491,U0045,2026-04-28,partner
S00492,U0045,2026-06-28,paid
S00493,U0045,2026-01-21,organic
S00494,U0045,2026-04-08,referral
S00495,U0045,2026-01-15,organic
S00496,U0045,2026-01-22,referral
S00497,U0045,2026-06-15,email
S00498,U0045,2026-01-25,organic
S00499,U0045,2026-06-27,partner
S00500,U0045,2026-01-12,organic
S00501,U0046,2026-05-20,partner
S00502,U0046,2026-02-15,email
S00503,U0046,2026-04-12,organic
S00504,U0046,2026-05-25,paid
S00505,U0046,2026-04-10,partner
S00506,U0046,2026-02-05,organic
S00507,U0046,2026-03-30,organic
S00508,U0046,2026-03-01,organic
S00509,U0047,2026-06-01,referral
S00510,U0047,2026-04-27,organic
S00511,U0047,2026-06-25,referral
S00512,U0047,2026-05-01,partner
S00513,U0047,2026-05-11,paid
S00514,U0047,2026-06-09,referral
S00515,U0047,2026-04-17,organic
S00516,U0047,2026-06-25,paid
S00517,U0047,2026-04-26,email
S00518,U0047,2026-03-17,email
S00519,U0047,2026-06-22,email
S00520,U0047,2026-03-28,paid
S00521,U0047,2026-05-27,partner
S00522,U0047,2026-03-30,organic
S00523,U0047,2026-06-01,email
S00524,U0047,2026-03-18,email
S00525,U0047,2026-06-24,organic
S00526,U0047,2026-05-27,paid
S00527,U0047,2026-04-07,referral
S00528,U0048,2026-03-19,email
S00529,U0048,2026-01-17,paid
S00530,U0048,2026-04-18,email
S00531,U0048,2026-01-20,email
S00532,U0048,2026-03-05,referral
S00533,U0048,2026-02-20,referral
S00534,U0048,2026-03-19,organic
S00535,U0048,2026-03-27,partner
S00536,U0049,2026-04-23,email
S00537,U0049,2026-06-16,partner
S00538,U0049,2026-03-24,partner
S00539,U0049,2026-02-21,referral
S00540,U0049,2026-04-12,email
S00541,U0049,2026-06-27,referral
S00542,U0049,2026-03-04,email
S00543,U0049,2026-04-11,email
S00544,U0049,2026-05-25,paid
S00545,U0049,2026-05-20,paid
S00546,U0050,2026-04-06,referral
S00547,U0050,2026-04-29,referral
S00548,U0050,2026-06-30,organic
S00549,U0050,2026-05-25,referral
S00550,U0050,2026-05-11,paid
S00551,U0050,2026-04-22,referral
S00552,U0050,2026-04-12,referral
S00553,U0050,2026-06-03,partner
S00554,U0050,2026-06-06,referral
S00555,U0050,2026-05-19,partner
S00556,U0050,2026-04-13,organic
S00557,U0050,2026-06-26,email
S00558,U0050,2026-06-20,organic
S00559,U0050,2026-06-24,referral
S00560,U0050,2026-05-15,referral
S00561,U0050,2026-04-15,email
S00562,U0050,2026-06-08,partner
S00563,U0051,2026-05-17,referral
S00564,U0051,2026-06-01,partner
S00565,U0051,2026-05-12,email
S00566,U0051,2026-06-02,organic
S00567,U0051,2026-06-30,organic
S00568,U0051,2026-06-18,paid
S00569,U0051,2026-05-24,referral
S00570,U0051,2026-06-05,referral
S00571,U0051,2026-05-09,referral
S00572,U0051,2026-05-31,email
S00573,U0051,2026-05-10,organic
S00574,U0051,2026-06-13,organic
S00575,U0051,2026-05-13,paid
S00576,U0051,2026-06-07,paid
S00577,U0051,2026-05-30,referral
S00578,U0051,2026-05-28,paid
S00579,U0051,2026-06-14,referral
S00580,U0051,2026-06-19,partner
S00581,U0052,2026-06-01,referral
S00582,U0052,2026-06-30,paid
S00583,U0052,2026-06-30,organic
S00584,U0052,2026-05-18,paid
S00585,U0052,2026-02-20,referral
S00586,U0052,2026-06-21,referral
S00587,U0052,2026-06-13,email
S00588,U0052,2026-06-06,referral
S00589,U0052,2026-03-31,email
S00590,U0052,2026-06-08,paid
S00591,U0052,2026-06-30,email
S00592,U0052,2026-06-01,organic
S00593,U0052,2026-03-22,organic
S00594,U0052,2026-01-30,paid
S00595,U0053,2026-05-11,referral
S00596,U0053,2026-02-05,referral
S00597,U0053,2026-05-05,partner
S00598,U0053,2026-06-15,paid
S00599,U0054,2026-05-23,paid
S00600,U0054,2026-06-13,partner
S00601,U0054,2026-06-18,paid
S00602,U0054,2026-06-05,partner
S00603,U0054,2026-06-19,referral
S00604,U0054,2026-06-09,referral
S00605,U0054,2026-04-27,partner
S00606,U0054,2026-05-22,paid
S00607,U0054,2026-05-08,referral
S00608,U0054,2026-06-19,partner
S00609,U0054,2026-06-29,organic
S00610,U0054,2026-06-25,email
S00611,U0054,2026-04-22,referral
S00612,U0054,2026-06-10,organic
S00613,U0054,2026-05-18,email
S00614,U0055,2026-05-02,email
S00615,U0056,2026-05-25,organic
S00616,U0056,2026-04-29,paid
S00617,U0057,2026-05-28,email
S00618,U0057,2026-05-18,referral
S00619,U0057,2026-03-18,paid
S00620,U0057,2026-06-12,organic
S00621,U0057,2026-05-08,email
S00622,U0057,2026-03-22,email
S00623,U0057,2026-04-07,email
S00624,U0057,2026-06-30,partner
S00625,U0057,2026-05-26,organic
S00626,U0057,2026-06-05,referral
S00627,U0057,2026-04-05,paid
S00628,U0057,2026-03-17,paid
S00629,U0057,2026-04-11,paid
S00630,U0057,2026-05-26,referral
S00631,U0057,2026-05-13,email
S00632,U0057,2026-04-18,referral
S00633,U0057,2026-06-04,email
S00634,U0057,2026-06-21,email
S00635,U0058,2026-05-08,partner
S00636,U0058,2026-05-25,email
S00637,U0058,2026-06-04,referral
S00638,U0058,2026-05-21,paid
S00639,U0058,2026-05-08,email
S00640,U0058,2026-06-09,paid
S00641,U0058,2026-05-29,email
S00642,U0058,2026-04-03,organic
S00643,U0058,2026-05-25,organic
S00644,U0058,2026-04-17,referral
S00645,U0058,2026-05-21,paid
S00646,U0058,2026-04-13,email
S00647,U0058,2026-05-02,organic
S00648,U0058,2026-04-29,organic
S00649,U0058,2026-06-19,paid
S00650,U0059,2026-04-20,organic
S00651,U0059,2026-01-01,paid
S00652,U0059,2026-02-03,paid
S00653,U0059,2026-04-24,organic
S00654,U0059,2026-04-19,paid
S00655,U0059,2026-02-28,referral
S00656,U0059,2026-04-05,email
S00657,U0060,2026-06-29,paid
S00658,U0060,2026-06-29,paid
S00659,U0060,2026-06-30,paid
S00660,U0060,2026-06-21,referral
S00661,U0061,2026-03-17,organic
S00662,U0061,2026-02-25,organic
S00663,U0061,2026-04-29,email
S00664,U0061,2026-04-11,paid
S00665,U0061,2026-02-11,paid
S00666,U0061,2026-06-23,partner
S00667,U0061,2026-01-27,email
S00668,U0061,2026-06-25,partner
S00669,U0061,2026-05-01,email
S00670,U0061,2026-03-23,referral
S00671,U0061,2026-03-23,referral
S00672,U0061,2026-02-08,organic
S00673,U0061,2026-04-12,paid
S00674,U0061,2026-06-15,referral
S00675,U0062,2026-06-27,referral
S00676,U0062,2026-06-28,organic
S00677,U0062,2026-04-18,organic
S00678,U0062,2026-05-11,partner
S00679,U0062,2026-06-21,partner
S00680,U0063,2026-06-29,referral
S00681,U0063,2026-02-09,email
S00682,U0063,2026-02-22,paid
S00683,U0063,2026-04-11,partner
S00684,U0063,2026-06-16,organic
S00685,U0063,2026-04-22,paid
S00686,U0063,2026-01-30,referral
S00687,U0063,2026-01-15,email
S00688,U0063,2026-06-18,paid
S00689,U0063,2026-02-05,organic
S00690,U0063,2026-03-30,partner
S00691,U0063,2026-03-08,paid
S00692,U0063,2026-03-10,organic
S00693,U0065,2026-04-20,email
S00694,U0065,2026-03-09,partner
S00695,U0065,2026-05-08,referral
S00696,U0065,2026-01-15,referral
S00697,U0065,2026-02-12,email
S00698,U0065,2026-01-27,organic
S00699,U0065,2026-05-11,organic
S00700,U0065,2026-05-01,email
S00701,U0065,2026-02-08,paid
S00702,U0065,2026-01-10,referral
S00703,U0066,2026-06-15,email
S00704,U0066,2026-05-24,partner
S00705,U0066,2026-06-21,organic
S00706,U0066,2026-06-22,organic
S00707,U0066,2026-05-24,referral
S00708,U0066,2026-06-08,email
S00709,U0066,2026-06-01,email
S00710,U0067,2026-06-09,paid
S00711,U0067,2026-06-01,referral
S00712,U0067,2026-02-20,paid
S00713,U0067,2026-04-15,organic
S00714,U0067,2026-03-30,organic
S00715,U0067,2026-01-01,referral
S00716,U0067,2026-03-20,organic
S00717,U0067,2026-03-02,referral
S00718,U0067,2026-01-16,paid
S00719,U0068,2026-01-12,paid
S00720,U0068,2026-05-14,referral
S00721,U0069,2026-04-28,organic
S00722,U0069,2026-05-10,paid
S00723,U0069,2026-04-11,organic
S00724,U0069,2026-01-16,referral
S00725,U0069,2026-02-03,paid
S00726,U0069,2026-03-22,referral
S00727,U0069,2026-03-25,email
S00728,U0069,2026-03-01,organic
S00729,U0069,2026-02-04,organic
S00730,U0069,2026-02-12,referral
S00731,U0069,2026-04-15,organic
S00732,U0070,2026-06-15,email
S00733,U0070,2026-05-04,organic
S00734,U0070,2026-05-27,partner
S00735,U0070,2026-05-20,email
S00736,U0070,2026-04-25,email
S00737,U0070,2026-05-11,organic
S00738,U0071,2026-05-10,partner
S00739,U0071,2026-04-28,organic
S00740,U0071,2026-03-17,organic
S00741,U0071,2026-06-13,referral
S00742,U0071,2026-05-19,organic
S00743,U0071,2026-04-02,organic
S00744,U0071,2026-05-21,referral
S00745,U0071,2026-03-11,email
S00746,U0071,2026-06-28,referral
S00747,U0071,2026-05-31,referral
S00748,U0071,2026-04-17,referral
S00749,U0071,2026-03-27,paid
S00750,U0071,2026-04-26,paid
S00751,U0071,2026-05-21,email
S00752,U0072,2026-05-03,organic
S00753,U0072,2026-02-21,paid
S00754,U0072,2026-05-20,organic
S00755,U0072,2026-04-02,referral
S00756,U0072,2026-05-05,email
S00757,U0072,2026-05-09,email
S00758,U0072,2026-02-16,organic
S00759,U0072,2026-02-26,organic
S00760,U0072,2026-03-13,organic
S00761,U0072,2026-05-01,partner
S00762,U0072,2026-05-30,paid
S00763,U0072,2026-01-26,paid
S00764,U0072,2026-03-10,partner
S00765,U0072,2026-01-15,paid
S00766,U0072,2026-04-10,email
S00767,U0072,2026-02-14,paid
S00768,U0072,2026-03-23,email
S00769,U0074,2026-05-26,partner
S00770,U0074,2026-02-18,referral
S00771,U0074,2026-02-14,referral
S00772,U0074,2026-02-26,organic
S00773,U0074,2026-01-01,email
S00774,U0074,2026-02-21,paid
S00775,U0074,2026-02-15,email
S00776,U0074,2026-02-06,organic
S00777,U0074,2026-04-04,organic
S00778,U0074,2026-06-19,referral
S00779,U0074,2026-03-28,email
S00780,U0075,2026-04-22,referral
S00781,U0075,2026-02-14,email
S00782,U0075,2026-05-31,paid
S00783,U0075,2026-06-26,email
S00784,U0075,2026-01-01,referral
S00785,U0076,2026-01-09,paid
S00786,U0076,2026-06-06,paid
S00787,U0076,2026-01-27,referral
S00788,U0076,2026-01-20,paid
S00789,U0076,2026-03-23,paid
S00790,U0076,2026-01-23,email
S00791,U0076,2026-03-09,paid
S00792,U0076,2026-01-18,email
S00793,U0076,2026-01-28,organic
S00794,U0076,2026-02-12,referral
S00795,U0076,2026-04-07,email
S00796,U0076,2026-01-26,referral
S00797,U0076,2026-05-28,paid
S00798,U0076,2026-01-19,organic
S00799,U0076,2026-03-23,email
S00800,U0076,2026-01-19,email
S00801,U0076,2026-04-07,paid
S00802,U0076,2026-05-21,organic
S00803,U0077,2026-06-05,organic
S00804,U0077,2026-03-16,partner
S00805,U0077,2026-03-14,organic
S00806,U0077,2026-03-26,paid
S00807,U0077,2026-06-23,partner
S00808,U0077,2026-04-15,email
S00809,U0077,2026-02-14,referral
S00810,U0077,2026-06-07,paid
S00811,U0077,2026-04-18,partner
S00812,U0077,2026-02-26,organic
S00813,U0077,2026-04-17,organic
S00814,U0077,2026-03-03,email
S00815,U0077,2026-06-02,referral
S00816,U0077,2026-04-10,organic
S00817,U0077,2026-05-12,paid
S00818,U0077,2026-05-10,email
S00819,U0077,2026-02-13,email
S00820,U0077,2026-04-10,paid
S00821,U0077,2026-06-26,organic
S00822,U0078,2026-01-22,email
S00823,U0078,2026-04-16,partner
S00824,U0078,2026-01-16,referral
S00825,U0079,2026-06-15,referral
S00826,U0079,2026-05-08,referral
S00827,U0079,2026-05-28,organic
S00828,U0079,2026-06-13,partner
S00829,U0079,2026-06-26,paid
S00830,U0079,2026-06-04,paid
S00831,U0079,2026-04-29,paid
S00832,U0079,2026-04-24,organic
S00833,U0079,2026-06-02,paid
S00834,U0079,2026-06-27,paid
S00835,U0079,2026-05-11,email
S00836,U0079,2026-04-16,organic
S00837,U0079,2026-05-28,partner
S00838,U0080,2026-06-08,referral
S00839,U0080,2026-04-04,partner
S00840,U0080,2026-05-26,organic
S00841,U0080,2026-04-21,partner
S00842,U0080,2026-04-15,organic
S00843,U0080,2026-04-15,email
S00844,U0080,2026-05-17,referral
S00845,U0080,2026-06-25,referral
S00846,U0081,2026-01-10,paid
S00847,U0081,2026-02-06,referral
S00848,U0081,2026-01-13,referral
S00849,U0081,2026-04-06,organic
S00850,U0081,2026-03-19,email
S00851,U0081,2026-05-06,organic
S00852,U0081,2026-02-28,paid
S00853,U0081,2026-04-24,email
S00854,U0081,2026-04-17,partner
S00855,U0081,2026-02-18,referral
S00856,U0081,2026-04-15,referral
S00857,U0081,2026-04-06,organic
S00858,U0081,2026-02-10,organic
S00859,U0081,2026-05-10,referral
S00860,U0081,2026-05-15,partner
S00861,U0082,2026-06-19,organic
S00862,U0082,2026-05-01,organic
S00863,U0082,2026-06-02,paid
S00864,U0082,2026-06-17,referral
S00865,U0082,2026-05-24,organic
S00866,U0082,2026-04-03,email
S00867,U0083,2026-02-15,referral
S00868,U0083,2026-03-31,email
S00869,U0083,2026-03-08,organic
S00870,U0083,2026-04-09,organic
S00871,U0083,2026-05-27,paid
S00872,U0083,2026-06-15,paid
S00873,U0083,2026-03-10,referral
S00874,U0083,2026-06-24,organic
S00875,U0083,2026-02-03,paid
S00876,U0083,2026-01-03,paid
S00877,U0083,2026-03-20,email
S00878,U0083,2026-04-07,email
S00879,U0083,2026-02-25,referral
S00880,U0083,2026-05-14,partner
S00881,U0084,2026-01-17,email
S00882,U0084,2026-06-17,partner
S00883,U0084,2026-02-12,referral
S00884,U0085,2026-04-25,email
S00885,U0085,2026-06-30,paid
S00886,U0085,2026-06-01,email
S00887,U0085,2026-02-24,referral
S00888,U0085,2026-04-25,referral
S00889,U0085,2026-02-27,paid
S00890,U0085,2026-04-15,partner
S00891,U0085,2026-06-19,email
S00892,U0086,2026-06-21,paid
S00893,U0086,2026-06-10,paid
S00894,U0086,2026-06-21,paid
S00895,U0086,2026-05-23,organic
S00896,U0086,2026-05-09,email
S00897,U0087,2026-04-06,email
S00898,U0087,2026-04-29,organic
S00899,U0087,2026-06-12,partner
S00900,U0087,2026-06-08,organic
S00901,U0087,2026-02-19,organic
S00902,U0087,2026-04-08,partner
S00903,U0087,2026-01-14,paid
S00904,U0087,2026-02-21,email
S00905,U0087,2026-05-26,referral
S00906,U0087,2026-02-16,organic
S00907,U0088,2026-05-15,email
S00908,U0088,2026-04-23,referral
S00909,U0088,2026-05-14,partner
S00910,U0088,2026-06-24,organic
S00911,U0088,2026-06-17,referral
S00912,U0088,2026-06-23,referral
S00913,U0088,2026-06-09,organic
S00914,U0088,2026-06-29,paid
S00915,U0088,2026-05-24,paid
S00916,U0088,2026-06-06,email
S00917,U0088,2026-06-11,partner
S00918,U0088,2026-05-14,organic
S00919,U0088,2026-05-31,email
S00920,U0088,2026-06-28,partner
S00921,U0088,2026-06-17,paid
S00922,U0088,2026-06-24,email
S00923,U0088,2026-05-14,referral
S00924,U0088,2026-05-09,paid
S00925,U0088,2026-06-26,paid
S00926,U0088,2026-04-27,referral
S00927,U0089,2026-05-17,partner
S00928,U0089,2026-06-17,organic
S00929,U0089,2026-04-08,organic
S00930,U0089,2026-05-02,paid
S00931,U0089,2026-06-25,organic
S00932,U0089,2026-06-19,organic
S00933,U0089,2026-03-11,partner
S00934,U0089,2026-02-05,referral
S00935,U0090,2026-05-06,partner
S00936,U0090,2026-03-16,organic
S00937,U0090,2026-05-18,paid
S00938,U0091,2026-04-23,email
S00939,U0091,2026-05-05,paid
S00940,U0091,2026-06-25,referral
S00941,U0091,2026-03-29,organic
S00942,U0091,2026-04-12,partner
S00943,U0091,2026-04-17,organic
S00944,U0091,2026-04-07,organic
S00945,U0091,2026-06-19,paid
S00946,U0091,2026-05-05,email
S00947,U0091,2026-04-10,paid
S00948,U0091,2026-05-05,email
S00949,U0091,2026-05-08,referral
S00950,U0091,2026-04-10,organic
S00951,U0091,2026-04-19,email
S00952,U0091,2026-05-24,partner
S00953,U0091,2026-06-30,organic
S00954,U0092,2026-04-10,organic
S00955,U0092,2026-05-15,email
S00956,U0092,2026-06-14,referral
S00957,U0092,2026-06-09,paid
S00958,U0092,2026-06-15,organic
S00959,U0092,2026-04-07,organic
S00960,U0092,2026-06-01,referral
S00961,U0092,2026-06-12,referral
S00962,U0092,2026-05-05,email
S00963,U0092,2026-06-13,paid
S00964,U0093,2026-01-29,referral
S00965,U0093,2026-01-17,email
S00966,U0093,2026-01-04,paid
S00967,U0093,2026-06-21,email
S00968,U0093,2026-06-26,partner
S00969,U0093,2026-06-19,paid
S00970,U0093,2026-06-19,referral
S00971,U0093,2026-05-23,partner
S00972,U0093,2026-05-01,referral
S00973,U0093,2026-01-20,referral
S00974,U0093,2026-03-26,email
S00975,U0093,2026-04-07,referral
S00976,U0093,2026-01-21,referral
S00977,U0093,2026-05-27,referral
S00978,U0093,2026-01-31,referral
S00979,U0095,2026-06-08,referral
S00980,U0095,2026-04-29,partner
S00981,U0095,2026-05-26,partner
S00982,U0096,2026-06-21,referral
S00983,U0096,2026-04-04,organic
S00984,U0096,2026-04-27,email
S00985,U0096,2026-06-08,partner
S00986,U0096,2026-06-18,email
S00987,U0096,2026-01-30,organic
S00988,U0096,2026-02-26,organic
S00989,U0096,2026-06-12,email
S00990,U0096,2026-04-06,organic
S00991,U0096,2026-04-15,organic
S00992,U0096,2026-02-20,paid
S00993,U0096,2026-04-11,paid
S00994,U0096,2026-02-18,email
S00995,U0096,2026-04-17,organic
S00996,U0096,2026-06-22,partner
S00997,U0096,2026-04-26,referral
S00998,U0096,2026-05-10,paid
S00999,U0096,2026-01-02,organic
S01000,U0096,2026-04-21,partner
S01001,U0096,2026-05-11,paid
S01002,U0097,2026-06-25,paid
S01003,U0097,2026-06-23,partner
S01004,U0097,2026-06-12,partner
S01005,U0097,2026-06-15,partner
S01006,U0097,2026-06-26,paid
S01007,U0098,2026-03-17,referral
S01008,U0098,2026-02-05,referral
S01009,U0098,2026-05-12,email
S01010,U0098,2026-05-21,email
S01011,U0098,2026-05-22,paid
S01012,U0098,2026-06-09,email
S01013,U0098,2026-06-22,paid
S01014,U0098,2026-06-16,paid
S01015,U0098,2026-06-27,email
S01016,U0098,2026-04-01,partner
S01017,U0099,2026-06-20,referral
S01018,U0099,2026-05-17,email
S01019,U0099,2026-04-19,organic
S01020,U0099,2026-01-07,referral
S01021,U0099,2026-06-21,organic
S01022,U0099,2026-02-11,email
S01023,U0099,2026-02-07,organic
S01024,U0099,2026-03-17,paid
S01025,U0099,2026-01-09,email
S01026,U0099,2026-01-27,paid
S01027,U0099,2026-05-24,referral
S01028,U0099,2026-06-28,email
S01029,U0099,2026-01-13,referral
S01030,U0099,2026-06-25,email
S01031,U0099,2026-01-14,organic
S01032,U0099,2026-02-21,referral
S01033,U0099,2026-06-12,email
S01034,U0099,2026-05-20,partner
S01035,U0100,2026-03-17,referral
S01036,U0100,2026-06-24,organic
S01037,U0100,2026-02-14,organic
S01038,U0100,2026-04-20,email
S01039,U0100,2026-02-03,paid
S01040,U0100,2026-03-07,organic
S01041,U0101,2026-01-11,paid
S01042,U0101,2026-06-02,organic
S01043,U0101,2026-06-10,partner
S01044,U0101,2026-03-19,referral
S01045,U0102,2026-05-30,organic
S01046,U0102,2026-05-25,partner
S01047,U0102,2026-05-08,partner
S01048,U0102,2026-06-23,partner
S01049,U0102,2026-05-29,paid
S01050,U0102,2026-05-27,email
S01051,U0102,2026-05-12,partner
S01052,U0102,2026-06-25,organic
S01053,U0102,2026-05-29,referral
S01054,U0102,2026-05-16,organic
S01055,U0102,2026-05-26,referral
S01056,U0102,2026-04-29,referral
S01057,U0102,2026-05-21,organic
S01058,U0102,2026-06-01,partner
S01059,U0102,2026-06-11,referral
S01060,U0102,2026-04-25,organic
S01061,U0102,2026-06-22,partner
S01062,U0103,2026-02-24,referral
S01063,U0103,2026-02-22,referral
S01064,U0103,2026-01-19,paid
S01065,U0103,2026-01-19,organic
S01066,U0103,2026-03-06,partner
S01067,U0103,2026-04-15,referral
S01068,U0103,2026-04-14,referral
S01069,U0103,2026-04-10,organic
S01070,U0103,2026-06-14,partner
S01071,U0103,2026-01-19,email
S01072,U0103,2026-01-28,email
S01073,U0103,2026-03-19,partner
S01074,U0103,2026-06-19,organic
S01075,U0103,2026-05-17,paid
S01076,U0103,2026-04-11,partner
S01077,U0103,2026-06-12,paid
S01078,U0103,2026-06-15,email
S01079,U0103,2026-01-03,paid
S01080,U0103,2026-01-02,referral
S01081,U0103,2026-01-22,email
S01082,U0104,2026-02-24,referral
S01083,U0104,2026-05-12,paid
S01084,U0104,2026-02-26,email
S01085,U0104,2026-02-16,organic
S01086,U0104,2026-05-21,referral
S01087,U0104,2026-01-19,email
S01088,U0104,2026-03-06,organic
S01089,U0104,2026-05-29,referral
S01090,U0104,2026-04-02,paid
S01091,U0104,2026-03-02,organic
S01092,U0104,2026-01-18,paid
S01093,U0105,2026-03-31,partner
S01094,U0105,2026-06-04,paid
S01095,U0105,2026-04-09,email
S01096,U0105,2026-02-18,organic
S01097,U0105,2026-03-03,referral
S01098,U0105,2026-04-08,paid
S01099,U0105,2026-03-31,referral
S01100,U0105,2026-04-07,email
S01101,U0105,2026-02-02,paid
S01102,U0105,2026-01-26,email
S01103,U0105,2026-02-10,paid
S01104,U0105,2026-06-15,organic
S01105,U0105,2026-01-10,organic
S01106,U0105,2026-06-03,referral
S01107,U0106,2026-04-09,partner
S01108,U0106,2026-06-13,referral
S01109,U0106,2026-04-24,email
S01110,U0106,2026-06-19,email
S01111,U0106,2026-06-08,partner
S01112,U0106,2026-05-21,partner
S01113,U0107,2026-06-21,paid
S01114,U0107,2026-06-04,referral
S01115,U0107,2026-06-18,partner
S01116,U0107,2026-06-30,paid
S01117,U0107,2026-06-15,email
S01118,U0107,2026-06-08,email
S01119,U0107,2026-06-21,paid
S01120,U0107,2026-06-25,email
S01121,U0107,2026-06-29,referral
S01122,U0107,2026-06-01,email
S01123,U0107,2026-06-30,partner
S01124,U0107,2026-06-08,email
S01125,U0107,2026-06-18,paid
S01126,U0107,2026-06-12,email
S01127,U0107,2026-06-28,organic
S01128,U0107,2026-06-12,paid
S01129,U0107,2026-06-11,email
S01130,U0107,2026-06-15,partner
S01131,U0107,2026-06-07,organic
S01132,U0108,2026-05-07,paid
S01133,U0108,2026-05-26,partner
S01134,U0108,2026-04-25,paid
S01135,U0108,2026-05-22,organic
S01136,U0108,2026-06-10,referral
S01137,U0108,2026-04-30,referral
S01138,U0108,2026-06-24,paid
S01139,U0108,2026-06-14,organic
S01140,U0109,2026-01-15,paid
S01141,U0109,2026-02-16,referral
S01142,U0109,2026-05-25,organic
S01143,U0109,2026-06-19,email
S01144,U0110,2026-04-25,partner
S01145,U0110,2026-05-04,paid
S01146,U0110,2026-04-16,partner
S01147,U0110,2026-05-30,paid
S01148,U0110,2026-05-11,email
S01149,U0110,2026-06-25,email
S01150,U0111,2026-06-01,organic
S01151,U0111,2026-04-09,paid
S01152,U0111,2026-02-21,referral
S01153,U0111,2026-06-05,organic
S01154,U0111,2026-06-07,partner
S01155,U0111,2026-01-31,organic
S01156,U0111,2026-02-03,organic
S01157,U0111,2026-06-23,referral
S01158,U0111,2026-04-05,organic
S01159,U0111,2026-04-20,paid
S01160,U0111,2026-05-04,referral
S01161,U0111,2026-06-28,partner
S01162,U0111,2026-02-04,email
S01163,U0111,2026-03-01,organic
S01164,U0111,2026-05-20,referral
S01165,U0111,2026-01-02,organic
S01166,U0111,2026-01-31,organic
S01167,U0111,2026-02-22,email
S01168,U0111,2026-01-28,paid
S01169,U0112,2026-03-06,email
S01170,U0112,2026-04-19,partner
S01171,U0112,2026-03-12,referral
S01172,U0112,2026-04-16,partner
S01173,U0112,2026-05-04,paid
S01174,U0112,2026-05-23,referral
S01175,U0112,2026-03-20,partner
S01176,U0112,2026-06-30,referral
S01177,U0112,2026-06-18,organic
S01178,U0112,2026-04-25,paid
S01179,U0112,2026-05-11,referral
S01180,U0112,2026-05-21,partner
S01181,U0112,2026-06-30,organic
S01182,U0112,2026-06-12,organic
S01183,U0112,2026-02-07,referral
S01184,U0112,2026-04-22,organic
S01185,U0112,2026-06-05,organic
S01186,U0112,2026-04-13,partner
S01187,U0113,2026-06-02,organic
S01188,U0113,2026-02-14,referral
S01189,U0113,2026-02-21,email
S01190,U0113,2026-06-03,partner
S01191,U0113,2026-03-01,partner
S01192,U0113,2026-01-10,email
S01193,U0113,2026-01-01,paid
S01194,U0113,2026-04-01,referral
S01195,U0113,2026-02-21,organic
S01196,U0114,2026-01-24,email
S01197,U0114,2026-05-24,partner
S01198,U0115,2026-02-27,paid
S01199,U0115,2026-04-14,partner
S01200,U0115,2026-01-28,organic
S01201,U0115,2026-03-29,organic
S01202,U0115,2026-03-07,partner
S01203,U0115,2026-05-28,email
S01204,U0115,2026-04-07,partner
S01205,U0115,2026-03-04,email
S01206,U0116,2026-06-24,referral
S01207,U0116,2026-01-08,referral
S01208,U0116,2026-01-18,referral
S01209,U0116,2026-02-26,paid
S01210,U0116,2026-04-16,email
S01211,U0116,2026-01-03,email
S01212,U0116,2026-01-24,referral
S01213,U0116,2026-03-29,organic
S01214,U0116,2026-02-15,referral
S01215,U0116,2026-02-25,email
S01216,U0116,2026-06-24,paid
S01217,U0116,2026-02-21,paid
S01218,U0116,2026-03-09,paid
S01219,U0116,2026-03-05,partner
S01220,U0117,2026-03-14,organic
S01221,U0117,2026-06-18,partner
S01222,U0117,2026-06-15,email
S01223,U0118,2026-06-26,email
S01224,U0118,2026-06-18,email
S01225,U0118,2026-06-26,paid
S01226,U0118,2026-06-22,organic
S01227,U0118,2026-06-03,paid
S01228,U0118,2026-04-29,partner
S01229,U0118,2026-04-15,organic
S01230,U0118,2026-06-01,partner
S01231,U0118,2026-05-30,partner
S01232,U0118,2026-05-07,partner
S01233,U0118,2026-05-18,referral
S01234,U0118,2026-05-27,email
S01235,U0118,2026-06-07,paid
S01236,U0118,2026-05-31,email
S01237,U0118,2026-05-19,referral
S01238,U0119,2026-06-28,paid
S01239,U0119,2026-06-30,email
S01240,U0119,2026-06-27,referral
S01241,U0119,2026-06-22,paid
S01242,U0120,2026-05-07,organic
S01243,U0120,2026-05-13,paid
S01244,U0120,2026-06-16,partner
S01245,U0120,2026-03-27,referral
S01246,U0121,2026-02-18,referral
S01247,U0121,2026-03-19,organic
S01248,U0121,2026-04-12,referral
S01249,U0121,2026-03-02,referral
S01250,U0121,2026-04-13,email
S01251,U0121,2026-06-28,email
S01252,U0121,2026-05-22,organic
S01253,U0121,2026-03-28,partner
S01254,U0121,2026-06-23,paid
S01255,U0121,2026-04-19,email
S01256,U0121,2026-06-16,referral
S01257,U0121,2026-05-31,organic
S01258,U0121,2026-04-20,referral
S01259,U0121,2026-03-15,paid
S01260,U0121,2026-05-03,referral
S01261,U0121,2026-05-20,organic
S01262,U0121,2026-04-28,email
S01263,U0122,2026-06-17,referral
S01264,U0122,2026-04-26,email
S01265,U0122,2026-05-16,referral
S01266,U0122,2026-02-19,organic
S01267,U0122,2026-03-04,email
S01268,U0122,2026-01-23,paid
S01269,U0122,2026-01-29,organic
S01270,U0122,2026-01-09,referral
S01271,U0122,2026-01-24,organic
S01272,U0122,2026-02-11,organic
S01273,U0122,2026-04-12,email
S01274,U0122,2026-03-16,referral
S01275,U0122,2026-02-05,paid
S01276,U0122,2026-03-27,referral
S01277,U0122,2026-05-21,email
S01278,U0122,2026-02-06,paid
S01279,U0122,2026-04-29,partner
S01280,U0122,2026-06-15,partner
S01281,U0122,2026-04-01,referral
S01282,U0123,2026-04-24,email
S01283,U0123,2026-03-08,paid
S01284,U0125,2026-02-28,email
S01285,U0125,2026-06-10,organic
S01286,U0125,2026-05-30,referral
S01287,U0125,2026-05-15,email
S01288,U0125,2026-01-26,email
S01289,U0125,2026-06-17,referral
S01290,U0125,2026-03-07,referral
S01291,U0125,2026-03-22,email
S01292,U0125,2026-06-30,email
S01293,U0125,2026-06-10,email
S01294,U0125,2026-02-11,paid
S01295,U0125,2026-02-22,referral
S01296,U0125,2026-04-04,partner
S01297,U0125,2026-04-17,organic
S01298,U0125,2026-06-10,organic
S01299,U0125,2026-02-20,email
S01300,U0126,2026-01-03,paid
S01301,U0126,2026-01-04,referral
S01302,U0126,2026-04-18,email
S01303,U0126,2026-05-08,email
S01304,U0126,2026-01-09,email
S01305,U0126,2026-04-11,organic
S01306,U0126,2026-02-16,paid
S01307,U0126,2026-03-06,referral
S01308,U0126,2026-02-01,paid
S01309,U0126,2026-04-24,paid
S01310,U0126,2026-01-09,paid
S01311,U0126,2026-01-25,paid
S01312,U0126,2026-06-24,email
S01313,U0126,2026-02-10,organic
S01314,U0127,2026-05-14,organic
S01315,U0127,2026-06-13,email
S01316,U0127,2026-01-14,paid
S01317,U0127,2026-03-02,referral
S01318,U0127,2026-02-12,email
S01319,U0127,2026-04-12,paid
S01320,U0127,2026-06-26,referral
S01321,U0127,2026-02-09,email
S01322,U0127,2026-03-05,paid
S01323,U0127,2026-06-25,partner
S01324,U0127,2026-06-10,organic
S01325,U0127,2026-01-28,paid
S01326,U0127,2026-03-23,partner
S01327,U0127,2026-03-30,referral
S01328,U0127,2026-01-06,referral
S01329,U0127,2026-02-04,email
S01330,U0127,2026-05-05,referral
S01331,U0128,2026-06-28,referral
S01332,U0128,2026-02-17,email
S01333,U0128,2026-04-30,email
S01334,U0128,2026-06-03,partner
S01335,U0128,2026-05-16,paid
S01336,U0128,2026-03-09,partner
S01337,U0128,2026-01-01,referral
S01338,U0128,2026-01-05,email
S01339,U0128,2026-03-03,email
S01340,U0128,2026-06-18,partner
S01341,U0128,2026-02-18,referral
S01342,U0128,2026-02-09,email
S01343,U0128,2026-06-14,email
S01344,U0128,2026-05-14,organic
S01345,U0128,2026-01-09,paid
S01346,U0128,2026-02-19,organic
S01347,U0128,2026-05-15,partner
S01348,U0129,2026-01-13,email
S01349,U0129,2026-01-19,organic
S01350,U0129,2026-02-23,referral
S01351,U0129,2026-01-21,referral
S01352,U0129,2026-01-16,email
S01353,U0129,2026-04-17,email
S01354,U0129,2026-01-15,email
S01355,U0129,2026-01-19,email
S01356,U0130,2026-06-25,paid
S01357,U0130,2026-06-26,paid
S01358,U0130,2026-06-26,partner
S01359,U0131,2026-05-23,partner
S01360,U0131,2026-01-28,email
S01361,U0131,2026-06-29,referral
S01362,U0131,2026-02-12,paid
S01363,U0131,2026-05-10,email
S01364,U0132,2026-06-14,email
S01365,U0132,2026-05-15,email
S01366,U0132,2026-06-11,email
S01367,U0132,2026-04-16,referral
S01368,U0132,2026-04-27,email
S01369,U0132,2026-06-15,referral
S01370,U0132,2026-02-25,paid
S01371,U0132,2026-05-09,organic
S01372,U0132,2026-04-18,paid
S01373,U0132,2026-02-26,email
S01374,U0132,2026-04-01,organic
S01375,U0132,2026-04-29,email
S01376,U0132,2026-04-25,paid
S01377,U0132,2026-05-08,organic
S01378,U0132,2026-04-17,organic
S01379,U0132,2026-06-24,paid
S01380,U0132,2026-03-17,partner
S01381,U0133,2026-05-28,referral
S01382,U0134,2026-03-31,referral
S01383,U0134,2026-01-31,paid
S01384,U0134,2026-06-04,organic
S01385,U0134,2026-06-11,referral
S01386,U0134,2026-05-19,partner
S01387,U0134,2026-05-09,paid
S01388,U0134,2026-06-22,referral
S01389,U0134,2026-06-02,partner
S01390,U0134,2026-02-26,referral
S01391,U0134,2026-04-11,paid
S01392,U0135,2026-05-02,partner
S01393,U0135,2026-05-21,referral
S01394,U0136,2026-05-21,referral
S01395,U0136,2026-04-03,paid
S01396,U0136,2026-04-12,referral
S01397,U0136,2026-05-30,paid
S01398,U0136,2026-06-20,partner
S01399,U0136,2026-03-27,email
S01400,U0136,2026-04-28,partner
S01401,U0136,2026-05-01,paid
S01402,U0136,2026-06-02,organic
S01403,U0136,2026-04-08,email
S01404,U0136,2026-06-28,referral
S01405,U0136,2026-05-13,organic
S01406,U0137,2026-04-26,email
S01407,U0137,2026-04-11,organic
S01408,U0137,2026-05-02,partner
S01409,U0137,2026-05-07,organic
S01410,U0137,2026-04-15,email
S01411,U0137,2026-04-03,email
S01412,U0137,2026-06-08,paid
S01413,U0138,2026-03-08,partner
S01414,U0138,2026-02-06,organic
S01415,U0138,2026-06-19,partner
S01416,U0138,2026-02-21,email
S01417,U0138,2026-06-19,email
S01418,U0138,2026-06-18,email
S01419,U0138,2026-01-05,email
S01420,U0138,2026-06-16,referral
S01421,U0138,2026-04-08,partner
S01422,U0138,2026-01-26,email
S01423,U0138,2026-06-02,partner
S01424,U0138,2026-04-28,partner
S01425,U0138,2026-01-06,organic
S01426,U0138,2026-05-16,email
S01427,U0138,2026-04-11,paid
S01428,U0138,2026-03-19,paid
S01429,U0139,2026-03-12,organic
S01430,U0139,2026-04-10,organic
S01431,U0139,2026-03-13,paid
S01432,U0139,2026-04-11,paid
S01433,U0139,2026-06-23,partner
S01434,U0139,2026-06-25,paid
S01435,U0139,2026-05-27,paid
S01436,U0139,2026-03-21,partner
S01437,U0139,2026-05-19,paid
S01438,U0139,2026-02-05,paid
S01439,U0139,2026-03-21,partner
S01440,U0139,2026-04-21,paid
S01441,U0139,2026-05-25,paid
S01442,U0139,2026-05-23,partner
S01443,U0139,2026-01-31,paid
S01444,U0139,2026-02-07,organic
S01445,U0140,2026-05-24,email
S01446,U0140,2026-04-19,paid
S01447,U0140,2026-03-07,paid
S01448,U0140,2026-04-17,partner
S01449,U0140,2026-04-08,partner
S01450,U0140,2026-02-14,email
S01451,U0140,2026-06-08,email
S01452,U0140,2026-05-18,referral
S01453,U0140,2026-03-21,paid
S01454,U0140,2026-05-23,organic
S01455,U0140,2026-05-24,paid
S01456,U0140,2026-03-31,paid
S01457,U0140,2026-06-13,email
S01458,U0141,2026-04-20,referral
S01459,U0141,2026-06-05,referral
S01460,U0141,2026-04-11,partner
S01461,U0141,2026-05-27,partner
S01462,U0141,2026-06-14,organic
S01463,U0141,2026-04-26,referral
S01464,U0141,2026-01-11,paid
S01465,U0142,2026-06-21,organic
S01466,U0142,2026-05-24,organic
S01467,U0142,2026-05-14,referral
S01468,U0142,2026-06-26,email
S01469,U0142,2026-05-12,email
S01470,U0142,2026-03-25,partner
S01471,U0142,2026-05-17,referral
S01472,U0142,2026-05-22,organic
S01473,U0142,2026-06-01,partner
S01474,U0142,2026-05-10,email
S01475,U0142,2026-04-10,referral
S01476,U0142,2026-06-18,paid
S01477,U0143,2026-05-24,email
S01478,U0143,2026-05-12,organic
S01479,U0144,2026-06-30,email
S01480,U0144,2026-06-30,partner
S01481,U0144,2026-06-29,partner
S01482,U0144,2026-06-28,email
S01483,U0144,2026-06-30,paid
S01484,U0144,2026-06-28,paid
S01485,U0144,2026-06-28,referral
S01486,U0144,2026-06-30,referral
S01487,U0144,2026-06-28,organic
S01488,U0144,2026-06-28,organic
S01489,U0144,2026-06-29,organic
S01490,U0144,2026-06-29,partner
S01491,U0144,2026-06-30,referral
S01492,U0144,2026-06-30,referral
S01493,U0145,2026-04-12,partner
S01494,U0145,2026-05-03,partner
S01495,U0145,2026-06-21,partner
S01496,U0145,2026-04-28,organic
S01497,U0145,2026-04-09,email
S01498,U0145,2026-06-18,email
S01499,U0145,2026-04-13,organic
S01500,U0145,2026-04-24,paid
S01501,U0145,2026-06-19,partner
S01502,U0145,2026-06-12,paid
S01503,U0145,2026-06-15,email
S01504,U0145,2026-04-13,email
S01505,U0145,2026-05-20,organic
S01506,U0145,2026-06-11,organic
S01507,U0146,2026-02-01,email
S01508,U0146,2026-04-16,partner
S01509,U0146,2026-02-23,organic
S01510,U0146,2026-06-11,partner
S01511,U0147,2026-06-28,partner
S01512,U0147,2026-06-27,email
S01513,U0147,2026-06-15,email
S01514,U0147,2026-06-24,email
S01515,U0147,2026-06-24,partner
S01516,U0147,2026-06-28,referral
S01517,U0147,2026-06-10,partner
S01518,U0147,2026-06-14,paid
S01519,U0147,2026-06-30,organic
S01520,U0147,2026-06-11,partner
S01521,U0147,2026-06-18,organic
S01522,U0147,2026-06-22,paid
S01523,U0147,2026-06-13,organic
S01524,U0147,2026-06-21,partner
S01525,U0147,2026-06-05,organic
S01526,U0148,2026-04-12,partner
S01527,U0148,2026-01-08,paid
S01528,U0148,2026-03-28,referral
S01529,U0148,2026-01-10,paid
S01530,U0148,2026-06-10,referral
S01531,U0148,2026-05-18,email
S01532,U0148,2026-04-16,organic
S01533,U0148,2026-03-18,partner
S01534,U0148,2026-03-22,partner
S01535,U0148,2026-02-23,email
S01536,U0149,2026-02-11,paid
S01537,U0149,2026-02-02,email
S01538,U0149,2026-06-11,paid
S01539,U0149,2026-05-05,paid
S01540,U0149,2026-04-14,email
S01541,U0149,2026-04-05,referral
S01542,U0149,2026-04-13,paid
S01543,U0149,2026-03-11,organic
S01544,U0149,2026-02-04,paid
S01545,U0149,2026-05-19,partner
S01546,U0149,2026-03-06,paid
S01547,U0150,2026-05-15,email
S01548,U0150,2026-02-06,organic
S01549,U0150,2026-05-13,paid
S01550,U0150,2026-01-10,referral
S01551,U0150,2026-05-14,organic
S01552,U0150,2026-06-02,organic
S01553,U0150,2026-01-12,organic
S01554,U0150,2026-06-18,email
S01555,U0150,2026-02-23,email
S01556,U0150,2026-03-15,email
S01557,U0150,2026-04-23,organic
S01558,U0150,2026-02-10,email
S01559,U0150,2026-06-09,partner
S01560,U0150,2026-02-22,email
S01561,U0150,2026-03-11,paid
S01562,U0151,2026-06-27,paid
S01563,U0151,2026-04-21,partner
S01564,U0151,2026-06-19,referral
S01565,U0151,2026-02-13,organic
S01566,U0151,2026-02-23,referral
S01567,U0151,2026-05-26,partner
S01568,U0151,2026-04-27,paid
S01569,U0151,2026-06-17,organic
S01570,U0151,2026-05-31,partner
S01571,U0152,2026-01-25,referral
S01572,U0152,2026-06-14,referral
S01573,U0152,2026-02-27,paid
S01574,U0152,2026-06-07,email
S01575,U0152,2026-04-11,paid
S01576,U0152,2026-06-20,email
S01577,U0152,2026-03-25,referral
S01578,U0152,2026-01-17,referral
S01579,U0152,2026-05-03,referral
S01580,U0152,2026-03-14,email
S01581,U0152,2026-02-02,organic
S01582,U0152,2026-01-28,email
S01583,U0152,2026-01-19,email
S01584,U0152,2026-04-13,partner
S01585,U0153,2026-03-27,partner
S01586,U0153,2026-05-27,referral
S01587,U0153,2026-06-24,referral
S01588,U0153,2026-05-15,partner
S01589,U0153,2026-06-12,paid
S01590,U0153,2026-02-12,referral
S01591,U0153,2026-06-25,referral
S01592,U0153,2026-02-17,referral
S01593,U0153,2026-05-07,organic
S01594,U0153,2026-06-25,referral
S01595,U0153,2026-02-08,organic
S01596,U0153,2026-02-28,organic
S01597,U0153,2026-03-03,referral
S01598,U0153,2026-05-03,partner
S01599,U0153,2026-03-15,paid
S01600,U0153,2026-04-15,email
S01601,U0153,2026-04-11,referral
S01602,U0153,2026-04-22,organic
S01603,U0153,2026-06-29,partner
S01604,U0154,2026-03-17,organic
S01605,U0154,2026-05-21,organic
S01606,U0154,2026-04-02,organic
S01607,U0154,2026-01-08,paid
S01608,U0155,2026-06-12,email
S01609,U0155,2026-06-13,referral
S01610,U0155,2026-05-20,paid
S01611,U0155,2026-05-17,partner
S01612,U0155,2026-06-08,referral
S01613,U0155,2026-05-09,paid
S01614,U0155,2026-06-24,referral
S01615,U0155,2026-05-10,organic
S01616,U0155,2026-06-15,referral
S01617,U0155,2026-06-16,partner
S01618,U0155,2026-06-27,referral
S01619,U0155,2026-06-19,referral
S01620,U0155,2026-05-16,referral
S01621,U0155,2026-06-25,paid
S01622,U0155,2026-05-27,referral
S01623,U0155,2026-06-08,organic
S01624,U0155,2026-06-23,email
S01625,U0155,2026-06-23,organic
S01626,U0156,2026-06-29,email
S01627,U0156,2026-03-06,partner
S01628,U0156,2026-03-07,paid
S01629,U0156,2026-05-29,organic
S01630,U0156,2026-05-04,partner
S01631,U0156,2026-03-02,email
S01632,U0156,2026-02-25,referral
S01633,U0156,2026-06-19,referral
S01634,U0156,2026-04-07,referral
S01635,U0156,2026-06-29,email
S01636,U0156,2026-02-28,email
S01637,U0156,2026-05-07,email
S01638,U0156,2026-05-08,organic
S01639,U0156,2026-04-02,partner
S01640,U0156,2026-04-29,organic
S01641,U0156,2026-03-31,email
S01642,U0157,2026-03-12,email
S01643,U0157,2026-06-01,paid
S01644,U0157,2026-04-05,paid
S01645,U0157,2026-06-29,paid
S01646,U0157,2026-05-16,organic
S01647,U0157,2026-01-22,paid
S01648,U0157,2026-02-09,referral
S01649,U0157,2026-04-16,referral
S01650,U0158,2026-06-13,paid
S01651,U0158,2026-03-30,organic
S01652,U0158,2026-01-30,organic
S01653,U0158,2026-04-13,referral
S01654,U0158,2026-05-17,paid
S01655,U0158,2026-06-30,referral
S01656,U0158,2026-02-07,referral
S01657,U0158,2026-03-22,partner
S01658,U0158,2026-01-11,organic
S01659,U0158,2026-06-13,email
S01660,U0158,2026-04-21,partner
S01661,U0158,2026-03-11,email
S01662,U0158,2026-01-26,email
S01663,U0158,2026-04-11,referral
S01664,U0159,2026-06-28,partner
S01665,U0159,2026-06-21,email
S01666,U0159,2026-06-10,email
S01667,U0159,2026-06-26,organic
S01668,U0159,2026-06-05,referral
S01669,U0159,2026-06-08,referral
S01670,U0159,2026-06-28,email
S01671,U0160,2026-01-07,organic
S01672,U0161,2026-06-03,organic
S01673,U0161,2026-01-31,organic
S01674,U0161,2026-02-03,referral
S01675,U0161,2026-06-15,partner
S01676,U0161,2026-02-17,organic
S01677,U0161,2026-03-06,email
S01678,U0162,2026-06-13,referral
S01679,U0162,2026-03-12,referral
S01680,U0163,2026-03-07,paid
S01681,U0163,2026-03-12,organic
S01682,U0163,2026-03-27,organic
S01683,U0163,2026-03-09,paid
S01684,U0163,2026-05-06,paid
S01685,U0163,2026-02-15,referral
S01686,U0163,2026-05-19,referral
S01687,U0163,2026-06-14,organic
S01688,U0163,2026-03-08,organic
S01689,U0163,2026-03-06,referral
S01690,U0164,2026-05-19,organic
S01691,U0164,2026-06-05,paid
S01692,U0164,2026-06-13,partner
S01693,U0164,2026-06-13,organic
S01694,U0164,2026-05-19,referral
S01695,U0164,2026-06-18,organic
S01696,U0164,2026-06-10,email
S01697,U0164,2026-06-13,organic
S01698,U0164,2026-06-29,organic
S01699,U0164,2026-06-09,organic
S01700,U0164,2026-06-06,paid
S01701,U0164,2026-05-21,referral
S01702,U0164,2026-06-07,referral
S01703,U0164,2026-06-28,email
S01704,U0164,2026-06-28,referral
S01705,U0164,2026-05-27,organic
S01706,U0164,2026-06-25,paid
S01707,U0164,2026-05-23,partner
S01708,U0164,2026-06-19,partner
S01709,U0164,2026-06-16,organic
S01710,U0165,2026-06-28,organic
S01711,U0166,2026-06-20,partner
S01712,U0166,2026-06-23,partner
S01713,U0166,2026-05-29,paid
S01714,U0166,2026-01-10,paid
S01715,U0166,2026-01-05,referral
S01716,U0166,2026-06-08,organic
S01717,U0166,2026-06-16,paid
S01718,U0166,2026-01-25,referral
S01719,U0166,2026-06-01,organic
S01720,U0166,2026-01-28,organic
S01721,U0166,2026-06-07,paid
S01722,U0166,2026-06-23,referral
S01723,U0166,2026-06-25,partner
S01724,U0166,2026-03-24,paid
S01725,U0166,2026-06-01,paid
S01726,U0166,2026-01-31,email
S01727,U0166,2026-04-17,paid
S01728,U0166,2026-05-22,paid
S01729,U0166,2026-05-29,organic
S01730,U0166,2026-06-11,partner
S01731,U0167,2026-01-05,referral
S01732,U0167,2026-01-23,email
S01733,U0167,2026-05-02,paid
S01734,U0167,2026-06-13,email
S01735,U0167,2026-04-16,paid
S01736,U0168,2026-06-27,organic
S01737,U0168,2026-05-08,partner
S01738,U0168,2026-06-10,email
S01739,U0168,2026-01-02,paid
S01740,U0168,2026-05-16,organic
S01741,U0168,2026-05-19,partner
S01742,U0168,2026-06-10,paid
S01743,U0168,2026-02-19,organic
S01744,U0168,2026-06-25,referral
S01745,U0168,2026-02-10,organic
S01746,U0168,2026-04-22,email
S01747,U0168,2026-04-27,organic
S01748,U0168,2026-01-14,paid
S01749,U0168,2026-01-08,referral
S01750,U0168,2026-01-19,paid
S01751,U0168,2026-06-01,partner
S01752,U0168,2026-02-20,email
S01753,U0168,2026-01-29,email
S01754,U0168,2026-03-02,referral
S01755,U0169,2026-06-25,organic
S01756,U0169,2026-06-29,organic
S01757,U0169,2026-06-24,paid
S01758,U0169,2026-06-29,paid
S01759,U0169,2026-06-24,referral
S01760,U0169,2026-06-27,email
S01761,U0169,2026-06-24,organic
S01762,U0169,2026-06-22,email
S01763,U0169,2026-06-29,referral
S01764,U0169,2026-06-27,paid
S01765,U0169,2026-06-24,partner
S01766,U0169,2026-06-30,paid
S01767,U0170,2026-06-26,referral
S01768,U0170,2026-05-17,organic
S01769,U0170,2026-05-13,paid
S01770,U0170,2026-06-25,paid
S01771,U0170,2026-06-26,paid
S01772,U0170,2026-04-12,referral
S01773,U0171,2026-05-01,partner
S01774,U0172,2026-06-18,referral
S01775,U0172,2026-02-26,referral
S01776,U0172,2026-03-28,email
S01777,U0173,2026-05-06,organic
S01778,U0173,2026-05-20,paid
S01779,U0173,2026-06-24,partner
S01780,U0173,2026-05-02,referral
S01781,U0173,2026-05-09,referral
S01782,U0173,2026-06-25,email
S01783,U0173,2026-06-15,organic
S01784,U0173,2026-05-05,referral
S01785,U0173,2026-05-22,partner
S01786,U0173,2026-06-14,partner
S01787,U0173,2026-06-20,paid
S01788,U0173,2026-05-06,partner
S01789,U0173,2026-06-17,organic
S01790,U0173,2026-06-28,email
S01791,U0173,2026-05-08,referral
S01792,U0173,2026-06-09,organic
S01793,U0173,2026-05-12,partner
S01794,U0173,2026-06-05,paid
S01795,U0173,2026-05-22,paid
S01796,U0173,2026-06-11,referral
S01797,U0174,2026-04-06,paid
S01798,U0174,2026-04-21,partner
S01799,U0174,2026-04-23,organic
S01800,U0174,2026-06-20,partner
S01801,U0174,2026-06-12,partner
S01802,U0174,2026-06-28,email
S01803,U0174,2026-05-17,organic
S01804,U0174,2026-06-09,organic
S01805,U0174,2026-03-03,organic
S01806,U0174,2026-03-12,paid
S01807,U0174,2026-04-05,partner
S01808,U0174,2026-02-17,email
S01809,U0174,2026-06-30,paid
S01810,U0174,2026-05-30,referral
S01811,U0174,2026-02-17,email
S01812,U0174,2026-02-17,paid
S01813,U0174,2026-06-25,email
S01814,U0174,2026-05-10,email
S01815,U0175,2026-05-25,referral
S01816,U0175,2026-05-27,paid
S01817,U0175,2026-04-24,paid
S01818,U0175,2026-04-14,referral
S01819,U0175,2026-04-21,organic
S01820,U0175,2026-04-21,referral
S01821,U0175,2026-06-03,paid
S01822,U0175,2026-04-21,paid
S01823,U0175,2026-06-14,paid
S01824,U0175,2026-03-30,organic
S01825,U0175,2026-05-28,paid
S01826,U0175,2026-05-02,paid
S01827,U0175,2026-06-14,organic
S01828,U0175,2026-04-29,paid
S01829,U0175,2026-05-24,paid
S01830,U0175,2026-03-31,organic
S01831,U0176,2026-04-25,referral
S01832,U0176,2026-04-26,organic
S01833,U0176,2026-06-15,partner
S01834,U0176,2026-05-14,referral
S01835,U0176,2026-06-19,paid
S01836,U0176,2026-06-02,email
S01837,U0176,2026-06-07,organic
S01838,U0176,2026-06-16,organic
S01839,U0176,2026-05-28,partner
S01840,U0176,2026-06-03,email
S01841,U0176,2026-04-14,partner
S01842,U0176,2026-06-20,partner
S01843,U0176,2026-05-12,paid
S01844,U0176,2026-04-18,partner
S01845,U0176,2026-06-08,email
S01846,U0177,2026-06-29,organic
S01847,U0177,2026-04-16,referral
S01848,U0177,2026-06-18,referral
S01849,U0177,2026-04-17,organic
S01850,U0177,2026-04-14,email
S01851,U0177,2026-06-20,partner
S01852,U0177,2026-04-23,referral
S01853,U0177,2026-06-12,referral
S01854,U0177,2026-04-23,paid
S01855,U0177,2026-05-16,organic
S01856,U0177,2026-04-08,referral
S01857,U0177,2026-05-07,email
S01858,U0177,2026-03-12,organic
S01859,U0177,2026-06-26,email
S01860,U0177,2026-05-11,referral
S01861,U0177,2026-06-05,paid
S01862,U0178,2026-03-16,partner
S01863,U0178,2026-03-19,partner
S01864,U0178,2026-05-24,referral
S01865,U0178,2026-01-01,paid
S01866,U0178,2026-06-13,referral
S01867,U0178,2026-06-20,email
S01868,U0178,2026-05-06,paid
S01869,U0178,2026-01-18,email
S01870,U0178,2026-05-25,referral
S01871,U0178,2026-06-10,referral
S01872,U0178,2026-01-31,email
S01873,U0178,2026-05-28,organic
S01874,U0179,2026-06-06,organic
S01875,U0179,2026-05-22,paid
S01876,U0179,2026-03-30,email
S01877,U0179,2026-06-13,email
S01878,U0179,2026-04-02,partner
S01879,U0180,2026-02-16,organic
S01880,U0180,2026-02-12,email
S01881,U0180,2026-06-25,email
S01882,U0180,2026-06-28,email
S01883,U0180,2026-05-29,email
S01884,U0180,2026-01-04,paid
S01885,U0180,2026-04-06,referral
S01886,U0180,2026-02-11,organic
S01887,U0180,2026-05-09,paid
S01888,U0180,2026-05-24,partner
S01889,U0180,2026-05-15,partner
S01890,U0180,2026-06-29,organic
S01891,U0180,2026-01-20,organic
S01892,U0180,2026-01-05,referral
S01893,U0180,2026-06-26,email
S01894,U0180,2026-04-24,partner
S01895,U0180,2026-03-29,paid
S01896,U0180,2026-01-08,organic
S01897,U0180,2026-06-27,paid
S01898,U0180,2026-03-20,paid
S01899,U0181,2026-04-19,organic
S01900,U0181,2026-01-11,paid
S01901,U0182,2026-06-01,organic
S01902,U0182,2026-03-06,organic
S01903,U0182,2026-02-01,paid
S01904,U0182,2026-02-21,paid
S01905,U0182,2026-01-08,organic
S01906,U0182,2026-03-13,partner
S01907,U0182,2026-02-11,paid
S01908,U0182,2026-01-18,organic
S01909,U0182,2026-01-04,paid
S01910,U0182,2026-03-14,paid
S01911,U0182,2026-05-18,organic
S01912,U0182,2026-01-26,paid
S01913,U0182,2026-05-02,email
S01914,U0182,2026-02-17,referral
S01915,U0182,2026-01-28,paid
S01916,U0182,2026-04-08,referral
S01917,U0183,2026-04-15,organic
S01918,U0183,2026-03-22,organic
S01919,U0183,2026-05-14,paid
S01920,U0183,2026-04-03,email
S01921,U0183,2026-01-11,organic
S01922,U0183,2026-01-30,referral
S01923,U0183,2026-06-03,email
S01924,U0184,2026-02-27,referral
S01925,U0184,2026-04-20,paid
S01926,U0184,2026-05-02,email
S01927,U0184,2026-06-22,referral
S01928,U0184,2026-04-12,referral
S01929,U0184,2026-06-23,organic
S01930,U0184,2026-04-12,referral
S01931,U0184,2026-01-27,paid
S01932,U0184,2026-06-02,referral
S01933,U0184,2026-04-19,referral
S01934,U0184,2026-05-29,partner
S01935,U0184,2026-06-14,referral
S01936,U0184,2026-06-20,partner
S01937,U0184,2026-05-05,partner
S01938,U0185,2026-02-21,organic
S01939,U0185,2026-06-01,paid
S01940,U0185,2026-02-28,organic
S01941,U0185,2026-02-07,organic
S01942,U0185,2026-01-31,paid
S01943,U0185,2026-04-18,paid
S01944,U0185,2026-02-18,organic
S01945,U0185,2026-06-07,referral
S01946,U0185,2026-03-17,email
S01947,U0185,2026-05-30,partner
S01948,U0185,2026-04-22,partner
S01949,U0185,2026-02-02,referral
S01950,U0185,2026-02-24,referral
S01951,U0185,2026-05-01,referral
S01952,U0186,2026-03-15,partner
S01953,U0187,2026-03-15,referral
S01954,U0187,2026-04-21,referral
S01955,U0187,2026-03-01,partner
S01956,U0187,2026-06-22,partner
S01957,U0187,2026-06-02,partner
S01958,U0187,2026-06-10,organic
S01959,U0187,2026-06-07,partner
S01960,U0187,2026-05-02,email
S01961,U0187,2026-02-08,organic
S01962,U0188,2026-06-09,partner
S01963,U0188,2026-06-19,email
S01964,U0188,2026-06-17,email
S01965,U0188,2026-06-04,partner
S01966,U0188,2026-05-10,email
S01967,U0188,2026-06-06,organic
S01968,U0188,2026-06-19,partner
S01969,U0188,2026-06-18,email
S01970,U0188,2026-06-05,referral
S01971,U0188,2026-06-06,partner
S01972,U0188,2026-06-27,organic
S01973,U0189,2026-06-03,referral
S01974,U0189,2026-06-03,paid
S01975,U0189,2026-06-06,referral
S01976,U0189,2026-04-30,partner
S01977,U0189,2026-05-24,organic
S01978,U0189,2026-06-11,paid
S01979,U0190,2026-05-29,organic
S01980,U0190,2026-03-11,organic
S01981,U0191,2026-06-01,referral
S01982,U0191,2026-02-19,email
S01983,U0191,2026-04-17,referral
S01984,U0191,2026-04-21,paid
S01985,U0191,2026-04-05,partner
S01986,U0191,2026-06-20,paid
S01987,U0191,2026-06-12,paid
S01988,U0191,2026-03-26,referral
S01989,U0191,2026-06-16,partner
S01990,U0191,2026-05-22,partner
S01991,U0191,2026-02-15,paid
S01992,U0191,2026-03-09,paid
S01993,U0191,2026-04-17,referral
S01994,U0191,2026-02-16,paid
S01995,U0191,2026-04-09,email
S01996,U0191,2026-04-06,partner
S01997,U0192,2026-04-20,paid
S01998,U0192,2026-05-07,email
S01999,U0192,2026-06-16,referral
S02000,U0192,2026-04-10,paid
S02001,U0192,2026-04-23,organic
S02002,U0192,2026-05-11,partner
S02003,U0192,2026-04-11,referral
S02004,U0193,2026-06-25,organic
S02005,U0194,2026-06-24,organic
S02006,U0194,2026-04-27,email
S02007,U0194,2026-06-27,organic
S02008,U0194,2026-06-21,paid
S02009,U0194,2026-05-18,partner
S02010,U0194,2026-05-11,partner
S02011,U0194,2026-05-12,email
S02012,U0194,2026-03-17,paid
S02013,U0194,2026-06-12,email
S02014,U0195,2026-06-20,paid
S02015,U0195,2026-06-14,paid
S02016,U0195,2026-06-14,email
S02017,U0195,2026-06-16,partner
S02018,U0195,2026-06-11,email
S02019,U0195,2026-06-23,paid
S02020,U0195,2026-06-12,email
S02021,U0195,2026-06-19,email
S02022,U0195,2026-06-29,organic
S02023,U0195,2026-06-29,paid
S02024,U0195,2026-06-20,email
S02025,U0195,2026-06-30,email
S02026,U0195,2026-06-29,organic
S02027,U0195,2026-06-15,referral
S02028,U0195,2026-06-20,email
S02029,U0195,2026-06-15,email
S02030,U0195,2026-06-13,referral
S02031,U0195,2026-06-28,referral
S02032,U0196,2026-06-15,organic
S02033,U0196,2026-06-25,referral
S02034,U0196,2026-04-18,email
S02035,U0196,2026-06-17,organic
S02036,U0196,2026-05-25,email
S02037,U0196,2026-04-11,referral
S02038,U0196,2026-06-09,partner
S02039,U0196,2026-04-24,organic
S02040,U0197,2026-06-21,paid
S02041,U0197,2026-06-21,paid
S02042,U0197,2026-05-10,partner
S02043,U0197,2026-06-30,paid
S02044,U0197,2026-06-26,referral
S02045,U0197,2026-05-10,referral
S02046,U0197,2026-04-17,email
S02047,U0197,2026-06-14,email
S02048,U0197,2026-04-25,organic
S02049,U0197,2026-04-23,referral
S02050,U0197,2026-06-12,paid
S02051,U0197,2026-06-21,partner
S02052,U0197,2026-04-11,referral
S02053,U0197,2026-06-28,paid
S02054,U0197,2026-05-03,paid
S02055,U0197,2026-06-11,organic
S02056,U0197,2026-05-28,referral
S02057,U0197,2026-06-30,paid
S02058,U0197,2026-05-04,email
S02059,U0197,2026-05-18,paid
S02060,U0198,2026-06-07,paid
S02061,U0198,2026-05-18,paid
S02062,U0198,2026-05-26,paid
S02063,U0198,2026-05-28,paid
S02064,U0198,2026-06-12,referral
S02065,U0198,2026-05-20,referral
S02066,U0199,2026-04-19,partner
S02067,U0199,2026-01-25,organic
S02068,U0199,2026-04-01,partner
S02069,U0199,2026-06-03,organic
S02070,U0199,2026-03-19,referral
S02071,U0199,2026-02-03,organic
S02072,U0199,2026-03-08,paid
S02073,U0199,2026-03-28,referral
S02074,U0199,2026-03-23,partner
S02075,U0199,2026-03-08,organic
S02076,U0199,2026-02-02,referral
S02077,U0199,2026-03-13,email
S02078,U0200,2026-04-30,partner
S02079,U0200,2026-04-30,partner
S02080,U0200,2026-04-05,email
S02081,U0200,2026-06-27,paid
S02082,U0200,2026-06-14,organic
S02083,U0200,2026-03-07,paid
S02084,U0200,2026-06-22,email
S02085,U0200,2026-06-21,referral
S02086,U0200,2026-06-28,organic
S02087,U0201,2026-05-15,referral
S02088,U0201,2026-02-17,organic
S02089,U0201,2026-03-04,email
S02090,U0201,2026-02-23,email
S02091,U0201,2026-06-29,partner
S02092,U0201,2026-01-12,paid
S02093,U0201,2026-01-30,paid
S02094,U0201,2026-02-04,email
S02095,U0201,2026-06-11,organic
S02096,U0201,2026-02-19,organic
S02097,U0201,2026-03-20,partner
S02098,U0201,2026-04-05,organic
S02099,U0201,2026-05-06,email
S02100,U0201,2026-06-05,paid
S02101,U0201,2026-01-23,email
S02102,U0201,2026-01-25,organic
S02103,U0201,2026-06-14,referral
S02104,U0202,2026-02-15,paid
S02105,U0202,2026-04-13,organic
S02106,U0202,2026-04-14,email
S02107,U0202,2026-06-17,paid
S02108,U0202,2026-05-06,referral
S02109,U0202,2026-03-21,partner
S02110,U0202,2026-06-20,organic
S02111,U0202,2026-05-12,paid
S02112,U0203,2026-05-12,email
S02113,U0203,2026-04-29,organic
S02114,U0203,2026-04-15,partner
S02115,U0203,2026-06-21,referral
S02116,U0203,2026-05-22,email
S02117,U0203,2026-03-09,paid
S02118,U0203,2026-05-25,partner
S02119,U0203,2026-05-13,email
S02120,U0203,2026-02-12,email
S02121,U0203,2026-05-24,referral
S02122,U0203,2026-01-23,organic
S02123,U0203,2026-05-22,organic
S02124,U0204,2026-02-25,referral
S02125,U0204,2026-06-26,email
S02126,U0204,2026-06-30,organic
S02127,U0204,2026-02-05,organic
S02128,U0204,2026-05-30,paid
S02129,U0204,2026-05-12,organic
S02130,U0204,2026-05-28,referral
S02131,U0204,2026-04-09,email
S02132,U0204,2026-03-20,paid
S02133,U0204,2026-04-08,organic
S02134,U0204,2026-02-05,organic
S02135,U0204,2026-02-04,paid
S02136,U0204,2026-05-29,referral
S02137,U0205,2026-05-29,referral
S02138,U0205,2026-06-10,partner
S02139,U0205,2026-05-23,referral
S02140,U0205,2026-03-09,paid
S02141,U0205,2026-03-22,organic
S02142,U0205,2026-05-26,paid
S02143,U0205,2026-03-24,referral
S02144,U0205,2026-05-20,paid
S02145,U0205,2026-05-17,partner
S02146,U0205,2026-04-05,referral
S02147,U0205,2026-04-21,organic
S02148,U0205,2026-06-21,paid
S02149,U0205,2026-04-23,referral
S02150,U0205,2026-06-16,referral
S02151,U0205,2026-03-23,email
S02152,U0205,2026-06-12,referral
S02153,U0205,2026-06-14,referral
S02154,U0205,2026-06-14,referral
S02155,U0205,2026-05-13,partner
S02156,U0206,2026-05-05,referral
S02157,U0207,2026-06-06,referral
S02158,U0207,2026-01-16,organic
S02159,U0207,2026-03-22,partner
S02160,U0207,2026-01-30,referral
S02161,U0207,2026-06-15,email
S02162,U0207,2026-04-22,organic
S02163,U0207,2026-02-19,referral
S02164,U0207,2026-03-01,partner
S02165,U0207,2026-06-25,email
S02166,U0207,2026-06-18,referral
S02167,U0207,2026-03-17,referral
S02168,U0207,2026-06-22,email
S02169,U0207,2026-02-11,paid
S02170,U0207,2026-01-23,referral
S02171,U0207,2026-02-21,paid
S02172,U0207,2026-01-26,referral
S02173,U0207,2026-05-07,email
S02174,U0207,2026-05-23,organic
S02175,U0208,2026-03-08,email
S02176,U0208,2026-02-14,organic
S02177,U0208,2026-03-28,referral
S02178,U0208,2026-02-28,organic
S02179,U0208,2026-05-05,email
S02180,U0208,2026-04-01,organic
S02181,U0208,2026-05-23,email
S02182,U0208,2026-06-26,partner
S02183,U0208,2026-01-27,organic
S02184,U0208,2026-04-23,referral
S02185,U0208,2026-01-29,organic
S02186,U0209,2026-05-21,partner
S02187,U0209,2026-05-22,paid
S02188,U0209,2026-05-25,email
S02189,U0209,2026-06-16,referral
S02190,U0209,2026-05-21,paid
S02191,U0209,2026-06-05,paid
S02192,U0209,2026-05-27,referral
S02193,U0209,2026-05-15,paid
S02194,U0209,2026-06-14,email
S02195,U0209,2026-05-25,organic
S02196,U0209,2026-06-29,referral
S02197,U0209,2026-06-26,paid
S02198,U0209,2026-06-17,referral
S02199,U0209,2026-05-23,referral
S02200,U0209,2026-06-10,referral
S02201,U0209,2026-06-17,email
S02202,U0209,2026-06-12,paid
S02203,U0209,2026-06-29,partner
S02204,U0209,2026-05-20,email
S02205,U0210,2026-04-24,organic
S02206,U0210,2026-03-04,paid
S02207,U0210,2026-03-07,partner
S02208,U0210,2026-04-22,referral
S02209,U0210,2026-05-28,partner
S02210,U0211,2026-03-30,organic
S02211,U0211,2026-05-16,partner
S02212,U0211,2026-06-29,referral
S02213,U0211,2026-02-22,referral
S02214,U0211,2026-06-16,referral
S02215,U0211,2026-03-19,organic
S02216,U0211,2026-02-02,email
S02217,U0211,2026-05-11,partner
S02218,U0211,2026-03-29,paid
S02219,U0211,2026-03-03,email
S02220,U0212,2026-02-02,organic
S02221,U0212,2026-03-12,partner
S02222,U0212,2026-01-17,organic
S02223,U0212,2026-05-31,organic
S02224,U0212,2026-03-06,partner
S02225,U0212,2026-06-14,partner
S02226,U0212,2026-03-05,email
S02227,U0212,2026-06-24,partner
S02228,U0212,2026-04-11,partner
S02229,U0212,2026-01-31,email
S02230,U0212,2026-02-23,email
S02231,U0212,2026-02-11,referral
S02232,U0212,2026-01-25,organic
S02233,U0212,2026-04-29,organic
S02234,U0212,2026-05-19,referral
S02235,U0212,2026-05-17,referral
S02236,U0213,2026-05-08,referral
S02237,U0213,2026-06-26,referral
S02238,U0213,2026-04-17,paid
S02239,U0213,2026-02-02,referral
S02240,U0213,2026-02-03,organic
S02241,U0213,2026-04-27,referral
S02242,U0213,2026-04-05,organic
S02243,U0213,2026-04-15,organic
S02244,U0213,2026-05-27,email
S02245,U0213,2026-03-20,email
S02246,U0213,2026-05-05,organic
S02247,U0213,2026-02-06,referral
S02248,U0213,2026-02-25,paid
S02249,U0213,2026-05-06,organic
S02250,U0213,2026-03-31,organic
S02251,U0213,2026-04-17,referral
S02252,U0213,2026-05-25,referral
S02253,U0213,2026-04-07,referral
S02254,U0214,2026-02-03,paid
S02255,U0214,2026-04-28,referral
S02256,U0214,2026-02-08,email
S02257,U0214,2026-04-15,referral
S02258,U0214,2026-04-12,email
S02259,U0214,2026-06-21,referral
S02260,U0214,2026-06-15,organic
S02261,U0214,2026-01-07,email
S02262,U0214,2026-02-01,organic
S02263,U0214,2026-06-08,partner
S02264,U0214,2026-01-14,paid
S02265,U0214,2026-05-09,organic
S02266,U0214,2026-05-17,paid
S02267,U0214,2026-03-12,paid
S02268,U0214,2026-06-30,partner
S02269,U0214,2026-05-17,partner
S02270,U0214,2026-05-31,organic
S02271,U0214,2026-01-06,email
S02272,U0214,2026-04-17,organic
S02273,U0215,2026-04-08,email
S02274,U0215,2026-01-26,paid
S02275,U0215,2026-02-16,email
S02276,U0215,2026-02-09,email
S02277,U0215,2026-06-23,paid
S02278,U0215,2026-01-15,email
S02279,U0215,2026-03-23,paid
S02280,U0215,2026-03-24,email
S02281,U0215,2026-01-31,organic
S02282,U0215,2026-06-02,partner
S02283,U0216,2026-05-18,referral
S02284,U0216,2026-03-18,organic
S02285,U0216,2026-05-30,referral
S02286,U0216,2026-03-09,organic
S02287,U0216,2026-06-08,organic
S02288,U0216,2026-05-31,paid
S02289,U0216,2026-04-23,referral
S02290,U0216,2026-02-14,email
S02291,U0216,2026-02-21,paid
S02292,U0216,2026-04-27,partner
S02293,U0216,2026-01-09,referral
S02294,U0216,2026-06-16,email
S02295,U0216,2026-02-20,organic
S02296,U0216,2026-03-14,referral
S02297,U0216,2026-06-19,paid
S02298,U0216,2026-05-19,email
S02299,U0217,2026-01-23,referral
S02300,U0217,2026-02-05,email
S02301,U0217,2026-02-23,email
S02302,U0217,2026-03-29,email
S02303,U0217,2026-04-26,email
S02304,U0217,2026-03-24,email
S02305,U0217,2026-06-03,email
S02306,U0217,2026-01-01,referral
S02307,U0217,2026-04-16,partner
S02308,U0218,2026-06-12,partner
S02309,U0218,2026-06-29,referral
S02310,U0218,2026-06-09,referral
S02311,U0218,2026-06-09,referral
S02312,U0218,2026-05-18,organic
S02313,U0218,2026-05-30,referral
S02314,U0218,2026-06-30,email
S02315,U0218,2026-06-26,email
S02316,U0218,2026-06-01,paid
S02317,U0218,2026-06-10,organic
S02318,U0218,2026-06-25,paid
S02319,U0218,2026-06-04,partner
S02320,U0218,2026-05-28,partner
S02321,U0218,2026-06-23,partner
S02322,U0218,2026-05-22,partner
S02323,U0219,2026-02-02,email
S02324,U0219,2026-02-28,email
S02325,U0221,2026-04-10,partner
S02326,U0221,2026-02-05,referral
S02327,U0221,2026-02-18,email
S02328,U0221,2026-05-20,email
S02329,U0221,2026-06-17,referral
S02330,U0221,2026-06-17,organic
S02331,U0221,2026-04-03,organic
S02332,U0221,2026-05-23,partner
S02333,U0221,2026-02-06,referral
S02334,U0221,2026-02-25,organic
S02335,U0221,2026-04-03,referral
S02336,U0221,2026-04-09,paid
S02337,U0221,2026-04-25,organic
S02338,U0221,2026-03-01,organic
S02339,U0221,2026-02-11,email
S02340,U0221,2026-04-09,organic
S02341,U0221,2026-05-03,organic
S02342,U0222,2026-06-12,organic
S02343,U0222,2026-06-25,organic
S02344,U0222,2026-06-04,organic
S02345,U0222,2026-05-30,referral
S02346,U0222,2026-06-01,paid
S02347,U0222,2026-06-24,organic
S02348,U0222,2026-05-31,partner
S02349,U0222,2026-06-23,paid
S02350,U0222,2026-05-28,referral
S02351,U0222,2026-06-24,partner
S02352,U0222,2026-06-18,organic
S02353,U0222,2026-06-18,partner
S02354,U0222,2026-06-03,organic
S02355,U0222,2026-06-01,partner
S02356,U0222,2026-06-09,partner
S02357,U0222,2026-06-29,email
S02358,U0223,2026-05-25,paid
S02359,U0223,2026-02-12,organic
S02360,U0223,2026-06-30,referral
S02361,U0223,2026-05-03,email
S02362,U0223,2026-06-19,paid
S02363,U0223,2026-04-21,partner
S02364,U0223,2026-05-06,organic
S02365,U0223,2026-03-10,organic
S02366,U0223,2026-06-24,organic
S02367,U0223,2026-03-23,paid
S02368,U0223,2026-03-24,organic
S02369,U0223,2026-06-02,referral
S02370,U0223,2026-04-26,partner
S02371,U0223,2026-04-27,partner
S02372,U0223,2026-04-26,paid
S02373,U0224,2026-05-08,paid
S02374,U0225,2026-04-06,paid
S02375,U0225,2026-04-03,paid
S02376,U0225,2026-05-03,referral
S02377,U0225,2026-03-27,organic
S02378,U0225,2026-02-26,email
S02379,U0225,2026-05-31,paid
S02380,U0225,2026-05-11,organic
S02381,U0225,2026-03-30,paid
S02382,U0225,2026-04-05,email
S02383,U0225,2026-05-05,partner
S02384,U0225,2026-03-30,organic
S02385,U0225,2026-04-16,organic
S02386,U0225,2026-03-08,email
S02387,U0225,2026-04-27,referral
S02388,U0225,2026-05-14,paid
S02389,U0225,2026-05-30,organic
S02390,U0225,2026-03-13,paid
S02391,U0225,2026-05-15,email
S02392,U0225,2026-05-28,paid
S02393,U0225,2026-03-28,partner
S02394,U0226,2026-06-19,paid
S02395,U0226,2026-06-30,paid
S02396,U0226,2026-06-29,partner
S02397,U0226,2026-06-22,referral
S02398,U0227,2026-05-13,email
S02399,U0227,2026-06-02,referral
S02400,U0227,2026-06-15,referral
S02401,U0227,2026-06-15,organic
S02402,U0227,2026-04-27,referral
S02403,U0228,2026-05-13,email
S02404,U0228,2026-05-24,partner
S02405,U0228,2026-06-22,email
S02406,U0228,2026-05-05,paid
S02407,U0228,2026-05-18,referral
S02408,U0228,2026-05-14,partner
S02409,U0228,2026-05-27,referral
S02410,U0228,2026-05-26,email
S02411,U0228,2026-05-20,email
S02412,U0228,2026-05-11,referral
S02413,U0228,2026-06-10,organic
S02414,U0228,2026-05-05,email
S02415,U0229,2026-05-20,organic
S02416,U0229,2026-02-28,organic
S02417,U0229,2026-04-03,organic
S02418,U0229,2026-03-27,paid
S02419,U0229,2026-03-06,email
S02420,U0229,2026-06-24,email
S02421,U0229,2026-06-04,paid
S02422,U0229,2026-05-20,email
S02423,U0229,2026-03-30,referral
S02424,U0229,2026-05-29,organic
S02425,U0229,2026-05-12,paid
S02426,U0229,2026-02-28,paid
S02427,U0229,2026-02-23,referral
S02428,U0229,2026-05-31,partner
S02429,U0229,2026-04-29,email
S02430,U0229,2026-03-22,paid
S02431,U0230,2026-04-10,referral
S02432,U0230,2026-02-23,email
S02433,U0230,2026-03-20,email
S02434,U0230,2026-02-18,referral
S02435,U0230,2026-05-17,email
S02436,U0230,2026-06-04,referral
S02437,U0230,2026-05-03,email
S02438,U0230,2026-02-24,paid
S02439,U0230,2026-05-11,partner
S02440,U0230,2026-05-27,referral
S02441,U0230,2026-05-27,organic
S02442,U0230,2026-04-05,referral
S02443,U0230,2026-06-11,email
S02444,U0231,2026-06-27,paid
S02445,U0231,2026-05-11,paid
S02446,U0231,2026-05-17,email
S02447,U0232,2026-04-27,organic
S02448,U0232,2026-01-03,paid
S02449,U0233,2026-04-11,paid
S02450,U0233,2026-02-03,referral
S02451,U0233,2026-01-18,referral
S02452,U0233,2026-02-22,paid
S02453,U0233,2026-03-21,referral
S02454,U0233,2026-06-20,referral
S02455,U0233,2026-05-28,email
S02456,U0233,2026-05-09,referral
S02457,U0233,2026-01-02,paid
S02458,U0233,2026-04-13,partner
S02459,U0233,2026-05-15,email
S02460,U0233,2026-05-06,referral
S02461,U0233,2026-01-11,organic
S02462,U0234,2026-03-30,email
S02463,U0234,2026-02-14,referral
S02464,U0234,2026-06-08,referral
S02465,U0234,2026-06-18,paid
S02466,U0234,2026-01-25,referral
S02467,U0234,2026-01-12,paid
S02468,U0234,2026-02-10,email
S02469,U0234,2026-05-18,email
S02470,U0234,2026-01-18,paid
S02471,U0234,2026-04-16,partner
S02472,U0234,2026-04-05,organic
S02473,U0234,2026-05-10,email
S02474,U0234,2026-02-12,email
S02475,U0234,2026-01-12,referral
S02476,U0235,2026-06-25,paid
S02477,U0235,2026-05-02,email
S02478,U0235,2026-06-29,paid
S02479,U0235,2026-06-18,referral
S02480,U0235,2026-05-06,organic
S02481,U0235,2026-05-17,referral
S02482,U0235,2026-06-23,email
S02483,U0235,2026-05-12,organic
S02484,U0235,2026-05-13,email
S02485,U0235,2026-06-18,referral
S02486,U0235,2026-06-13,organic
S02487,U0235,2026-05-11,referral
S02488,U0236,2026-06-21,organic
S02489,U0236,2026-05-29,paid
S02490,U0236,2026-03-28,partner
S02491,U0236,2026-06-21,organic
S02492,U0236,2026-04-30,referral
S02493,U0236,2026-05-09,paid
S02494,U0237,2026-03-27,paid
S02495,U0237,2026-05-12,organic
S02496,U0237,2026-04-21,paid
S02497,U0237,2026-02-10,paid
S02498,U0237,2026-02-18,paid
S02499,U0237,2026-02-05,referral
S02500,U0237,2026-04-18,email
S02501,U0237,2026-03-14,partner
S02502,U0237,2026-06-12,referral
S02503,U0237,2026-02-24,paid
S02504,U0237,2026-04-26,email
S02505,U0238,2026-06-17,email
S02506,U0238,2026-01-17,email
S02507,U0238,2026-04-05,organic
S02508,U0238,2026-06-03,referral
S02509,U0238,2026-01-27,paid
S02510,U0238,2026-01-25,email
S02511,U0238,2026-06-28,referral
S02512,U0238,2026-06-27,paid
S02513,U0238,2026-06-12,email
S02514,U0238,2026-06-20,referral
S02515,U0238,2026-05-30,referral
S02516,U0238,2026-06-13,paid
S02517,U0240,2026-01-06,organic
S02518,U0240,2026-04-20,paid
S02519,U0240,2026-01-16,paid
S02520,U0240,2026-03-17,paid
S02521,U0240,2026-02-22,organic
S02522,U0240,2026-06-03,referral
S02523,U0240,2026-03-26,paid
S02524,U0241,2026-06-20,partner
S02525,U0241,2026-06-26,email
S02526,U0241,2026-06-23,email
S02527,U0241,2026-06-23,partner
S02528,U0241,2026-06-23,partner
S02529,U0241,2026-06-28,email
S02530,U0241,2026-06-30,organic
S02531,U0241,2026-06-23,organic
S02532,U0241,2026-06-22,paid
S02533,U0241,2026-06-22,partner
S02534,U0241,2026-06-23,paid
S02535,U0241,2026-06-26,referral
S02536,U0241,2026-06-23,paid
S02537,U0241,2026-06-29,paid
S02538,U0241,2026-06-29,referral
S02539,U0241,2026-06-23,email
S02540,U0241,2026-06-27,organic
S02541,U0241,2026-06-25,referral
S02542,U0241,2026-06-27,referral
S02543,U0241,2026-06-29,referral
S02544,U0242,2026-04-26,referral
S02545,U0242,2026-05-04,email
S02546,U0242,2026-05-13,partner
S02547,U0242,2026-05-26,referral
S02548,U0242,2026-06-21,email
S02549,U0242,2026-06-24,organic
S02550,U0242,2026-06-23,paid
S02551,U0242,2026-05-18,organic
S02552,U0242,2026-06-10,referral
S02553,U0242,2026-06-16,referral
S02554,U0242,2026-06-10,referral
S02555,U0242,2026-05-03,referral
S02556,U0242,2026-05-09,referral
S02557,U0242,2026-05-14,paid
S02558,U0242,2026-05-26,email
S02559,U0243,2026-06-18,email
S02560,U0243,2026-06-20,referral
S02561,U0243,2026-04-29,paid
S02562,U0243,2026-05-14,organic
S02563,U0243,2026-06-19,paid
S02564,U0243,2026-05-26,paid
S02565,U0243,2026-06-14,partner
S02566,U0243,2026-04-18,organic
S02567,U0243,2026-04-09,referral
S02568,U0243,2026-06-12,organic
S02569,U0243,2026-04-22,referral
S02570,U0243,2026-05-22,email
S02571,U0243,2026-06-01,partner
S02572,U0243,2026-05-16,partner
S02573,U0243,2026-05-20,organic
S02574,U0244,2026-05-22,paid
S02575,U0244,2026-05-04,referral
S02576,U0244,2026-04-08,paid
S02577,U0244,2026-04-08,organic
S02578,U0244,2026-06-30,email
S02579,U0244,2026-04-29,paid
S02580,U0244,2026-04-25,paid
S02581,U0244,2026-06-11,organic
S02582,U0244,2026-05-05,paid
S02583,U0244,2026-05-01,paid
S02584,U0244,2026-05-30,referral
S02585,U0244,2026-06-26,organic
S02586,U0244,2026-04-29,organic
S02587,U0244,2026-05-26,organic
S02588,U0244,2026-05-21,organic
S02589,U0244,2026-06-08,referral
S02590,U0244,2026-04-20,organic
S02591,U0244,2026-04-13,organic
S02592,U0246,2026-06-04,partner
S02593,U0246,2026-03-10,referral
S02594,U0246,2026-03-28,partner
S02595,U0246,2026-04-05,email
S02596,U0246,2026-03-03,email
S02597,U0246,2026-04-07,partner
S02598,U0246,2026-01-26,organic
S02599,U0246,2026-06-28,referral
S02600,U0246,2026-02-05,organic
S02601,U0246,2026-05-16,email
S02602,U0246,2026-03-05,email
S02603,U0246,2026-06-25,referral
S02604,U0247,2026-01-01,email
S02605,U0247,2026-03-25,referral
S02606,U0247,2026-05-05,referral
S02607,U0247,2026-01-21,email
S02608,U0247,2026-05-02,organic
S02609,U0247,2026-03-17,partner
S02610,U0248,2026-06-27,partner
S02611,U0248,2026-06-30,partner
S02612,U0248,2026-06-23,partner
S02613,U0248,2026-06-26,paid
S02614,U0249,2026-05-05,partner
S02615,U0249,2026-04-01,paid
S02616,U0249,2026-05-28,organic
S02617,U0251,2026-03-25,referral
S02618,U0251,2026-02-26,email
S02619,U0251,2026-06-21,organic
S02620,U0251,2026-05-17,referral
S02621,U0251,2026-06-27,email
S02622,U0252,2026-06-03,organic
S02623,U0252,2026-04-07,referral
S02624,U0252,2026-05-24,referral
S02625,U0252,2026-02-27,email
S02626,U0252,2026-01-23,organic
S02627,U0252,2026-01-30,email
S02628,U0252,2026-03-22,referral
S02629,U0252,2026-01-01,email
S02630,U0252,2026-04-10,referral
S02631,U0252,2026-04-04,paid
S02632,U0252,2026-06-04,partner
S02633,U0252,2026-04-12,organic
S02634,U0252,2026-04-28,email
S02635,U0252,2026-03-17,paid
S02636,U0252,2026-04-27,paid
S02637,U0252,2026-02-07,organic
S02638,U0252,2026-03-21,partner
S02639,U0252,2026-02-01,email
S02640,U0253,2026-06-29,paid
S02641,U0253,2026-06-30,referral
S02642,U0253,2026-06-30,paid
S02643,U0253,2026-06-28,organic
S02644,U0253,2026-06-28,referral
S02645,U0253,2026-06-29,paid
S02646,U0253,2026-06-30,referral
S02647,U0253,2026-06-30,referral
S02648,U0253,2026-06-29,referral
S02649,U0253,2026-06-28,partner
S02650,U0253,2026-06-28,email
S02651,U0253,2026-06-30,organic
S02652,U0253,2026-06-30,email
S02653,U0253,2026-06-28,partner
S02654,U0253,2026-06-30,referral
S02655,U0253,2026-06-28,paid
S02656,U0253,2026-06-30,paid
S02657,U0253,2026-06-28,email
S02658,U0254,2026-01-27,paid
S02659,U0254,2026-04-20,paid
S02660,U0254,2026-01-25,email
S02661,U0254,2026-02-15,organic
S02662,U0254,2026-05-12,email
S02663,U0254,2026-02-08,referral
S02664,U0254,2026-01-31,paid
S02665,U0254,2026-03-19,partner
S02666,U0254,2026-06-17,referral
S02667,U0254,2026-06-21,organic
S02668,U0254,2026-06-16,referral
S02669,U0254,2026-06-17,referral
S02670,U0254,2026-01-31,organic
S02671,U0254,2026-05-11,paid
S02672,U0254,2026-05-03,email
S02673,U0254,2026-01-25,paid
S02674,U0254,2026-06-15,referral
S02675,U0254,2026-02-02,organic
S02676,U0255,2026-06-25,referral
S02677,U0255,2026-06-23,referral
S02678,U0255,2026-06-30,organic
S02679,U0255,2026-06-24,paid
S02680,U0255,2026-06-24,paid
S02681,U0255,2026-06-25,organic
S02682,U0255,2026-06-28,organic
S02683,U0255,2026-06-25,organic
S02684,U0255,2026-06-23,organic
S02685,U0255,2026-06-27,email
S02686,U0255,2026-06-25,referral
S02687,U0255,2026-06-23,paid
S02688,U0255,2026-06-27,partner
S02689,U0255,2026-06-30,email
S02690,U0255,2026-06-28,partner
S02691,U0255,2026-06-26,organic
S02692,U0255,2026-06-23,paid
S02693,U0256,2026-03-26,partner
S02694,U0256,2026-05-23,email
S02695,U0256,2026-06-10,partner
S02696,U0256,2026-05-18,email
S02697,U0256,2026-05-31,paid
S02698,U0256,2026-03-19,email
S02699,U0257,2026-06-27,paid
S02700,U0257,2026-05-14,email
S02701,U0257,2026-06-24,partner
S02702,U0257,2026-05-09,email
S02703,U0258,2026-05-19,organic
S02704,U0258,2026-04-15,organic
S02705,U0258,2026-06-27,organic
S02706,U0258,2026-05-26,organic
S02707,U0258,2026-03-05,email
S02708,U0258,2026-04-21,paid
S02709,U0258,2026-04-09,email
S02710,U0258,2026-04-08,referral
S02711,U0258,2026-03-14,paid
S02712,U0258,2026-04-30,partner
S02713,U0258,2026-06-16,organic
S02714,U0258,2026-04-24,partner
S02715,U0258,2026-03-08,organic
S02716,U0259,2026-02-16,email
S02717,U0259,2026-06-23,partner
S02718,U0259,2026-04-14,referral
S02719,U0259,2026-03-08,organic
S02720,U0259,2026-02-09,paid
S02721,U0259,2026-05-26,email
S02722,U0259,2026-03-05,partner
S02723,U0259,2026-04-28,paid
S02724,U0259,2026-04-01,referral
S02725,U0259,2026-03-12,referral
S02726,U0259,2026-02-28,email
S02727,U0259,2026-01-23,email
S02728,U0260,2026-06-18,organic
S02729,U0260,2026-03-11,paid
S02730,U0260,2026-03-23,partner
S02731,U0260,2026-05-04,organic
S02732,U0260,2026-04-25,partner
S02733,U0260,2026-03-19,referral
S02734,U0260,2026-05-28,partner
S02735,U0260,2026-04-22,organic
S02736,U0260,2026-06-26,organic
S02737,U0260,2026-05-30,partner
S02738,U0261,2026-06-06,partner
S02739,U0261,2026-06-05,paid
S02740,U0261,2026-04-25,paid
S02741,U0261,2026-02-04,referral
S02742,U0261,2026-03-06,email
S02743,U0261,2026-04-18,paid
S02744,U0261,2026-02-21,email
S02745,U0262,2026-06-04,paid
S02746,U0262,2026-06-07,partner
S02747,U0262,2026-05-21,referral
S02748,U0262,2026-06-19,organic
S02749,U0262,2026-06-27,referral
S02750,U0262,2026-06-10,organic
S02751,U0262,2026-05-19,organic
S02752,U0262,2026-05-31,organic
S02753,U0262,2026-05-28,referral
S02754,U0263,2026-04-15,paid
S02755,U0263,2026-05-17,paid
S02756,U0263,2026-06-01,email
S02757,U0263,2026-05-08,partner
S02758,U0263,2026-04-28,referral
S02759,U0263,2026-06-10,paid
S02760,U0263,2026-06-09,organic
S02761,U0263,2026-05-10,organic
S02762,U0263,2026-04-20,paid
S02763,U0263,2026-05-27,organic
S02764,U0263,2026-05-10,referral
S02765,U0263,2026-05-19,organic
S02766,U0263,2026-06-24,referral
S02767,U0263,2026-05-01,email
S02768,U0263,2026-06-05,partner
S02769,U0264,2026-02-03,organic
S02770,U0264,2026-01-06,paid
S02771,U0264,2026-05-09,organic
S02772,U0264,2026-03-02,organic
S02773,U0264,2026-03-29,referral
S02774,U0264,2026-01-03,referral
S02775,U0264,2026-03-14,referral
S02776,U0264,2026-02-09,paid
S02777,U0264,2026-01-30,email
S02778,U0264,2026-03-05,referral
S02779,U0264,2026-06-30,organic
S02780,U0264,2026-05-09,partner
S02781,U0265,2026-03-09,paid
S02782,U0265,2026-05-12,organic
S02783,U0265,2026-03-20,paid
S02784,U0265,2026-03-22,organic
S02785,U0265,2026-05-07,referral
S02786,U0265,2026-03-30,paid
S02787,U0265,2026-06-01,organic
S02788,U0265,2026-02-12,email
S02789,U0265,2026-05-03,email
S02790,U0265,2026-05-17,paid
S02791,U0265,2026-02-11,paid
S02792,U0265,2026-04-22,paid
S02793,U0265,2026-04-11,partner
S02794,U0265,2026-03-18,email
S02795,U0265,2026-05-03,email
S02796,U0265,2026-02-23,organic
S02797,U0265,2026-03-04,email
S02798,U0265,2026-05-02,partner
S02799,U0266,2026-05-28,email
S02800,U0266,2026-06-06,organic
S02801,U0266,2026-05-21,partner
S02802,U0266,2026-06-19,paid
S02803,U0266,2026-06-10,organic
S02804,U0266,2026-06-01,referral
S02805,U0266,2026-05-25,partner
S02806,U0266,2026-05-15,paid
S02807,U0266,2026-06-17,email
S02808,U0266,2026-06-30,partner
S02809,U0266,2026-06-05,referral
S02810,U0267,2026-05-02,organic
S02811,U0267,2026-05-25,partner
S02812,U0267,2026-02-22,email
S02813,U0268,2026-03-16,organic
S02814,U0268,2026-01-16,paid
S02815,U0268,2026-04-12,referral
S02816,U0268,2026-05-12,organic
S02817,U0269,2026-04-09,partner
S02818,U0269,2026-04-13,partner
S02819,U0269,2026-02-17,organic
S02820,U0269,2026-02-25,organic
S02821,U0269,2026-05-12,referral
S02822,U0269,2026-05-15,email
S02823,U0269,2026-02-26,email
S02824,U0269,2026-05-22,organic
S02825,U0269,2026-01-12,paid
S02826,U0269,2026-06-13,paid
S02827,U0269,2026-03-13,paid
S02828,U0269,2026-01-14,paid
S02829,U0269,2026-02-23,organic
S02830,U0269,2026-04-05,email
S02831,U0269,2026-02-04,referral
S02832,U0269,2026-03-17,email
S02833,U0270,2026-06-30,organic
S02834,U0270,2026-05-23,email
S02835,U0270,2026-05-10,partner
S02836,U0270,2026-06-27,partner
S02837,U0270,2026-06-25,referral
S02838,U0270,2026-05-25,partner
S02839,U0270,2026-06-30,referral
S02840,U0270,2026-05-26,paid
S02841,U0270,2026-06-29,referral
S02842,U0270,2026-05-23,referral
S02843,U0270,2026-06-08,organic
S02844,U0270,2026-06-07,paid
S02845,U0270,2026-05-20,paid
S02846,U0270,2026-06-24,paid
S02847,U0270,2026-05-10,email
S02848,U0270,2026-05-20,referral
S02849,U0270,2026-05-21,organic
S02850,U0270,2026-06-05,paid
S02851,U0270,2026-06-19,referral
S02852,U0270,2026-06-11,paid
S02853,U0272,2026-01-26,referral
S02854,U0272,2026-01-29,organic
S02855,U0272,2026-06-14,organic
S02856,U0272,2026-01-22,email
S02857,U0272,2026-06-10,partner
S02858,U0272,2026-01-28,email
S02859,U0272,2026-01-22,paid
S02860,U0272,2026-05-25,referral
S02861,U0272,2026-03-20,email
S02862,U0272,2026-03-04,organic
S02863,U0272,2026-03-10,partner
S02864,U0272,2026-01-12,organic
S02865,U0272,2026-01-27,referral
S02866,U0272,2026-02-27,organic
S02867,U0272,2026-04-09,paid
S02868,U0272,2026-03-15,paid
S02869,U0272,2026-06-25,referral
S02870,U0272,2026-01-29,referral
S02871,U0272,2026-01-29,paid
S02872,U0273,2026-05-24,organic
S02873,U0273,2026-04-24,email
S02874,U0273,2026-04-19,organic
S02875,U0273,2026-05-01,referral
S02876,U0273,2026-06-24,paid
S02877,U0273,2026-04-28,email
S02878,U0273,2026-05-15,email
S02879,U0273,2026-05-13,referral
S02880,U0273,2026-05-12,organic
S02881,U0274,2026-03-04,email
S02882,U0274,2026-05-20,referral
S02883,U0274,2026-02-23,referral
S02884,U0274,2026-04-07,paid
S02885,U0275,2026-03-21,referral
S02886,U0275,2026-04-30,referral
S02887,U0275,2026-06-30,referral
S02888,U0275,2026-05-18,email
S02889,U0276,2026-03-04,referral
S02890,U0276,2026-05-08,partner
S02891,U0276,2026-05-17,partner
S02892,U0276,2026-04-09,organic
S02893,U0276,2026-04-18,partner
S02894,U0276,2026-06-27,paid
S02895,U0276,2026-03-02,email
S02896,U0276,2026-05-02,paid
S02897,U0276,2026-01-16,email
S02898,U0276,2026-02-05,email
S02899,U0276,2026-05-22,referral
S02900,U0276,2026-02-27,organic
S02901,U0276,2026-01-31,paid
S02902,U0276,2026-01-07,referral
S02903,U0276,2026-06-29,organic
S02904,U0276,2026-01-19,referral
S02905,U0276,2026-02-10,organic
S02906,U0276,2026-02-06,organic
S02907,U0276,2026-01-04,referral
S02908,U0276,2026-02-16,referral
S02909,U0277,2026-05-05,referral
S02910,U0277,2026-05-15,referral
S02911,U0277,2026-02-21,email
S02912,U0277,2026-03-05,organic
S02913,U0277,2026-04-03,partner
S02914,U0277,2026-05-30,referral
S02915,U0277,2026-06-14,partner
S02916,U0277,2026-04-25,partner
S02917,U0277,2026-04-17,referral
S02918,U0277,2026-04-28,organic
S02919,U0277,2026-03-22,paid
S02920,U0277,2026-03-04,paid
S02921,U0277,2026-03-09,referral
S02922,U0277,2026-06-01,referral
S02923,U0277,2026-05-24,referral
S02924,U0277,2026-03-17,organic
S02925,U0278,2026-01-08,paid
S02926,U0278,2026-05-19,organic
S02927,U0278,2026-03-21,paid
S02928,U0278,2026-06-13,organic
S02929,U0278,2026-01-22,organic
S02930,U0278,2026-05-04,organic
S02931,U0278,2026-01-03,email
S02932,U0278,2026-04-12,partner
S02933,U0278,2026-04-11,email
S02934,U0278,2026-06-29,organic
S02935,U0279,2026-01-26,paid
S02936,U0279,2026-01-10,email
S02937,U0279,2026-06-24,referral
S02938,U0279,2026-03-01,paid
S02939,U0279,2026-06-17,paid
S02940,U0279,2026-02-11,email
S02941,U0279,2026-02-03,email
S02942,U0279,2026-06-09,referral
S02943,U0279,2026-06-06,partner
S02944,U0279,2026-05-08,organic
S02945,U0279,2026-02-06,email
S02946,U0279,2026-01-23,referral
S02947,U0279,2026-03-22,paid
S02948,U0279,2026-02-11,organic
S02949,U0279,2026-04-04,email
S02950,U0279,2026-04-28,email
S02951,U0280,2026-04-24,paid
S02952,U0280,2026-05-26,referral
S02953,U0280,2026-06-08,paid
S02954,U0280,2026-05-12,partner
S02955,U0280,2026-04-06,organic
S02956,U0280,2026-05-10,referral
S02957,U0280,2026-06-24,organic
S02958,U0280,2026-06-14,organic
S02959,U0281,2026-06-29,partner
S02960,U0281,2026-02-10,referral
S02961,U0281,2026-02-27,referral
S02962,U0281,2026-06-21,organic
S02963,U0281,2026-04-30,partner
S02964,U0281,2026-04-30,organic
S02965,U0281,2026-04-12,referral
S02966,U0282,2026-01-17,email
S02967,U0282,2026-06-04,referral
S02968,U0282,2026-05-02,organic
S02969,U0282,2026-01-10,paid
S02970,U0282,2026-02-07,paid
S02971,U0282,2026-01-09,referral
S02972,U0282,2026-05-02,paid
S02973,U0282,2026-06-25,referral
S02974,U0282,2026-06-12,paid
S02975,U0282,2026-01-21,email
S02976,U0283,2026-06-10,partner
S02977,U0283,2026-05-21,paid
S02978,U0283,2026-04-29,referral
S02979,U0283,2026-05-26,paid
S02980,U0283,2026-06-10,referral
S02981,U0283,2026-05-08,referral
S02982,U0283,2026-06-30,referral
S02983,U0283,2026-06-28,partner
S02984,U0283,2026-05-06,email
S02985,U0283,2026-05-28,organic
S02986,U0283,2026-06-15,paid
S02987,U0283,2026-05-28,organic
S02988,U0283,2026-06-09,email
S02989,U0283,2026-04-18,referral
S02990,U0284,2026-05-17,referral
S02991,U0284,2026-05-10,organic
S02992,U0284,2026-05-05,paid
S02993,U0284,2026-03-24,email
S02994,U0285,2026-06-23,partner
S02995,U0285,2026-04-05,email
S02996,U0285,2026-02-01,referral
S02997,U0285,2026-04-27,referral
S02998,U0285,2026-04-01,partner
S02999,U0285,2026-03-27,organic
S03000,U0286,2026-05-30,email
S03001,U0286,2026-03-23,partner
S03002,U0286,2026-04-23,referral
S03003,U0286,2026-03-07,organic
S03004,U0286,2026-03-08,organic
S03005,U0286,2026-05-26,organic
S03006,U0286,2026-06-29,organic
S03007,U0286,2026-06-18,partner
S03008,U0286,2026-04-25,referral
S03009,U0286,2026-06-06,partner
S03010,U0286,2026-04-01,referral
S03011,U0286,2026-05-10,referral
S03012,U0286,2026-05-22,organic
S03013,U0286,2026-04-08,partner
S03014,U0287,2026-04-26,referral
S03015,U0287,2026-02-08,referral
S03016,U0287,2026-05-13,partner
S03017,U0287,2026-04-29,email
S03018,U0287,2026-05-28,paid
S03019,U0287,2026-05-18,paid
S03020,U0287,2026-05-18,organic
S03021,U0287,2026-05-27,paid
S03022,U0288,2026-02-14,referral
S03023,U0288,2026-05-13,paid
S03024,U0288,2026-01-26,paid
S03025,U0288,2026-06-11,partner
S03026,U0288,2026-06-10,email
S03027,U0288,2026-02-10,email
S03028,U0288,2026-01-24,organic
S03029,U0288,2026-06-10,partner
S03030,U0288,2026-06-08,partner
S03031,U0288,2026-01-21,referral
S03032,U0288,2026-06-12,email
S03033,U0288,2026-06-17,paid
S03034,U0289,2026-06-18,referral
S03035,U0289,2026-06-12,email
S03036,U0289,2026-06-29,organic
S03037,U0289,2026-06-30,organic
S03038,U0289,2026-06-20,email
S03039,U0289,2026-06-13,organic
S03040,U0289,2026-06-22,paid
S03041,U0289,2026-06-26,organic
S03042,U0289,2026-06-26,organic
S03043,U0289,2026-06-24,referral
S03044,U0289,2026-06-25,paid
S03045,U0289,2026-06-11,paid
S03046,U0289,2026-06-30,organic
S03047,U0289,2026-06-21,email
S03048,U0289,2026-06-30,partner
S03049,U0289,2026-06-16,partner
S03050,U0289,2026-06-14,paid
S03051,U0290,2026-01-06,paid
S03052,U0290,2026-04-04,organic
S03053,U0290,2026-01-08,email
S03054,U0290,2026-01-22,paid
S03055,U0290,2026-05-04,paid
S03056,U0290,2026-03-31,partner
S03057,U0290,2026-04-30,referral
S03058,U0290,2026-04-13,paid
S03059,U0290,2026-02-20,email
S03060,U0290,2026-01-27,email
S03061,U0290,2026-02-22,referral
S03062,U0290,2026-04-25,referral
S03063,U0290,2026-03-11,email
S03064,U0290,2026-06-05,referral
S03065,U0290,2026-05-26,email
S03066,U0290,2026-06-11,organic
S03067,U0290,2026-01-09,email
S03068,U0291,2026-06-04,partner
S03069,U0291,2026-01-08,organic
S03070,U0291,2026-03-24,referral
S03071,U0291,2026-04-02,paid
S03072,U0291,2026-03-22,organic
S03073,U0291,2026-02-24,referral
S03074,U0291,2026-03-24,paid
S03075,U0291,2026-04-09,email
S03076,U0291,2026-05-15,paid
S03077,U0292,2026-03-03,partner
S03078,U0292,2026-05-30,referral
S03079,U0292,2026-05-04,paid
S03080,U0292,2026-06-18,referral
S03081,U0292,2026-03-15,referral
S03082,U0292,2026-05-06,partner
S03083,U0292,2026-02-17,email
S03084,U0292,2026-06-10,email
S03085,U0293,2026-04-30,partner
S03086,U0293,2026-05-01,email
S03087,U0293,2026-05-04,referral
S03088,U0293,2026-06-18,email
S03089,U0293,2026-06-09,referral
S03090,U0293,2026-05-02,referral
S03091,U0293,2026-06-23,referral
S03092,U0293,2026-05-11,email
S03093,U0293,2026-05-09,organic
S03094,U0293,2026-04-27,paid
S03095,U0293,2026-06-06,referral
S03096,U0293,2026-05-07,paid
S03097,U0294,2026-06-21,partner
S03098,U0294,2026-06-05,organic
S03099,U0294,2026-06-17,organic
S03100,U0294,2026-04-16,organic
S03101,U0294,2026-06-05,partner
S03102,U0294,2026-04-26,email
S03103,U0294,2026-03-26,partner
S03104,U0294,2026-03-25,email
S03105,U0294,2026-06-13,partner
S03106,U0294,2026-04-30,referral
S03107,U0294,2026-05-14,partner
S03108,U0295,2026-05-31,email
S03109,U0295,2026-05-29,paid
S03110,U0295,2026-04-11,organic
S03111,U0295,2026-03-29,paid
S03112,U0295,2026-02-14,referral
S03113,U0295,2026-05-25,referral
S03114,U0295,2026-02-21,email
S03115,U0295,2026-06-26,partner
S03116,U0295,2026-04-16,email
S03117,U0295,2026-03-06,partner
S03118,U0295,2026-02-28,paid
S03119,U0295,2026-05-04,referral
S03120,U0295,2026-06-06,paid
S03121,U0295,2026-03-15,organic
S03122,U0295,2026-03-09,email
S03123,U0296,2026-06-15,organic
S03124,U0296,2026-01-28,organic
S03125,U0296,2026-04-28,paid
S03126,U0296,2026-05-02,partner
S03127,U0296,2026-03-09,organic
S03128,U0296,2026-01-22,email
S03129,U0296,2026-02-08,referral
S03130,U0296,2026-05-11,email
S03131,U0296,2026-01-13,referral
S03132,U0296,2026-04-19,paid
S03133,U0296,2026-04-14,paid
S03134,U0296,2026-05-16,partner
S03135,U0296,2026-04-21,organic
S03136,U0296,2026-06-15,paid
S03137,U0296,2026-02-26,organic
S03138,U0296,2026-03-03,organic
S03139,U0296,2026-03-12,paid
S03140,U0296,2026-06-29,referral
S03141,U0297,2026-06-24,email
S03142,U0297,2026-06-23,paid
S03143,U0297,2026-06-25,partner
S03144,U0299,2026-02-17,referral
S03145,U0299,2026-06-26,paid
S03146,U0299,2026-06-24,organic
S03147,U0300,2026-04-27,paid
S03148,U0300,2026-06-20,referral
S03149,U0300,2026-01-06,paid
S03150,U0300,2026-01-20,paid
S03151,U0300,2026-01-03,email
S03152,U0300,2026-05-30,organic
S03153,U0300,2026-03-05,referral
S03154,U0300,2026-01-05,email
S03155,U0300,2026-05-15,partner
S03156,U0300,2026-02-07,organic
